DROP TABLE IF EXISTS tb_gysinfo ;
CREATE TABLE tb_gysinfo( id varchar(50) not null ,name varchar(60) not null ,jc varchar(50),address varchar(100),bianma varchar(50),tel varchar(50),fax varchar(50),lian varchar(50),ltel varchar(50),yh varchar(50),mail varchar(50));
INSERT INTO tb_gysinfo VALUES('gys1007','***供应商公司','GYS','长春市二道区','130031','2132','1111','32121','231231','231213','231231');
INSERT INTO tb_gysinfo VALUES('gys1002','新*纪文化百货商城','新百','吉林省辽源市','1363','0437-6930**','52186**','于X','138686*****','中国人民银行','y*@etang.com');
INSERT INTO tb_gysinfo VALUES('gys1004','吉林省明日*业有限公司','JLMRSY','长春市东盛大街89号','','0431-4972**','','ww','','','');
INSERT INTO tb_gysinfo VALUES('gys1005','笔*有限公司','BHYXGS','长在市','1111','1212','2151','毛皮','44411','8*@1*.com','8885');
INSERT INTO tb_gysinfo VALUES('gys1001','江苏扬州百货大楼','扬大百货','江苏省扬州市邗江区','20200101','15162389547','15165478956','张总','18326478956','中国建设银行','18326478956@163.com');
INSERT INTO tb_gysinfo VALUES('gys1003','江苏徐州沛县饼干厂','饼干厂','江苏省徐州市沛县','20200102','15162389548','15165478957','王经理','18326478957','中国工商银行','18326478957@163.com');
INSERT INTO tb_gysinfo VALUES('gys1006','江苏昆山商品实验基地','实验基地','江苏省昆山市','20200103','15162389549','15165478958','葛老板','18326478958','中国招商银行','18326478958@163.com');
INSERT INTO tb_gysinfo VALUES('gys1008','四川绵阳丰谷酒业','丰谷酒业','四川省绵阳市','20200104','15162389550','15165478959','刘经理','18326478959','中国农业银行','18326478959@163.com');
INSERT INTO tb_gysinfo VALUES('gys1010','广东深圳龙岗基地','龙岗基地','广东省深圳市','20200105','15162389551','15165478960','吴总','18326478960','中国邮政储蓄银行','18326478960@163.com');
INSERT INTO tb_gysinfo VALUES('gys1011','江苏宜兴红牛产地','红牛产地','江苏省宜兴市','20200106','18273934599','null','null','null','null','null');
INSERT INTO tb_gysinfo VALUES('gys1009','浙江义乌小商品城','小商品城','浙江省义乌市','20200107','18273934600','18274934593','赵董事长','17759577346','浙江银行','17759577346@126.com');
INSERT INTO tb_gysinfo VALUES('gys1012','上海静安装饰城','装饰城','上海市静安区南京路','20200108','18273934601','18274934594','钱老五','17759577347','上海银行','17759577347@126.com');
INSERT INTO tb_gysinfo VALUES('gys1013','北京昌平大家居城','家具城','北京市昌平区鼓楼北街','20200109','18273934602','18274934595','李老板','17759577348','北京银行','17759577348@126.com');
INSERT INTO tb_gysinfo VALUES('gys1014','安徽黄山毛峰茶厂','毛峰茶厂','安徽省黄山市','20200110','18273934603','18274934596','周总','17759577349','中国农村商业银行','17759577349@126.com');
DROP TABLE IF EXISTS tb_jsr ;
CREATE TABLE tb_jsr( id int(11) not null  primary key  AUTO_INCREMENT ,name varchar(15) not null ,sex char(2),age int(11),tel varchar(20),enable int(11) not null );
INSERT INTO tb_jsr VALUES(3,'lx','女',25,'136******',0);
INSERT INTO tb_jsr VALUES(4,'liuxin','男',25,'136******',1);
DROP TABLE IF EXISTS tb_khinfo ;
CREATE TABLE tb_khinfo( id varchar(50) not null ,khname varchar(50),jian varchar(50),address varchar(100),bianma varchar(50),tel varchar(50),fax varchar(50),lian varchar(50),ltel varchar(50),mail varchar(50),xinhang varchar(60),hao varchar(60));
INSERT INTO tb_khinfo VALUES('kh1001','明日科技有限公司','明日','长春市东盛大街','111111','111111','111111','高经理','544444','888@**.com','544554','454545');
INSERT INTO tb_khinfo VALUES('kh1002','吉林省明日科技有限公司','明日科技','长春市二道区','1111110','52415','54252','高经理','136524','mingrisoft@mingrisoft.com.cn','建设银行','231586');
INSERT INTO tb_khinfo VALUES('kh1003','五*缤纷','五彩','长春市','122','45644','8888','路路','1000402','0*@*4.com','25250','020202');
INSERT INTO tb_khinfo VALUES('kh1004','小小公司','XXGS','长春市','1010','1111','1111','明子','121212','88*@.com','8888','88');
INSERT INTO tb_khinfo VALUES('kh1005','上海万家汇有限公司','万家汇','上海宝山区吴淞街道106号','1005','181182097117','55666857','徐老板','15252576054','15252576054@sohu.com','中信银行','621799300028411666');
INSERT INTO tb_khinfo VALUES('kh1006','天津煤矿产业有限公司','煤矿公司','天津市滨海新区河北路4-396号','1006','18118209712','55666858','郑老总','15252276055','15252276055@suhu.com','广发银行','621462432100049335');
INSERT INTO tb_khinfo VALUES('kh1007','江苏南京鼓楼物业公司','物业公司','江苏省南京市鼓楼区清凉门大街1号','1007','18118209713','55666859','陈先生','15252276056','15252276056@sohu.com','兴业银行','621462543200056412');
INSERT INTO tb_khinfo VALUES('kh1008','江苏徐州万家福购物公司','购物公司','江苏省徐州市鼓楼区黄河北路57号','1008','18118209717','55666860','汪先生','15252276057','15252276057@sohu.com','光大银行','621463789852342221');
INSERT INTO tb_khinfo VALUES('kh1009','杭州大东门有限公司','东门公司','浙江省杭州市余杭区余杭街道107号','1009','18118209718','55666861','刘女士','15252276058','15252276058@sohu.com','华夏银行','6217896323456767771');
INSERT INTO tb_khinfo VALUES('kh1010','北京大兴股份有限公司','大兴公司','北京市大兴区清源街道37号','1000','17156892657','55666862','王女士','15252276059','15252276059@sohu.com','招商银行','6217993450895678881');
DROP TABLE IF EXISTS tb_kucun ;
CREATE TABLE tb_kucun( id varchar(30) not null ,spname varchar(50) not null ,jc varchar(25),cd varchar(50),gg varchar(50),bz varchar(50),dw varchar(10),dj decimal(10,2),kcsl int(11));
INSERT INTO tb_kucun VALUES('sp1005','润*滴眼液','RZDYY','山*正大福*达制药有限公司','10ml/支','纸盒','盒',40.00,19400);
INSERT INTO tb_kucun VALUES('sp1007','铅笔','QB','长春','9*','沿着','铅笔厂',10.00,0);
INSERT INTO tb_kucun VALUES('sp1008','手工艺品','SAYP','长春市','1','5','长春',23.00,1099);
INSERT INTO tb_kucun VALUES('sp1003','碧**莉香型洗衣粉','BLMLXXXYF','广**保洁公司','350g','塑包','袋',5.00,-24);
INSERT INTO tb_kucun VALUES('sp1010','航母','航母','美国','gbxxxxxx','gbxxxxxx','艘',20.00,3);
INSERT INTO tb_kucun VALUES('sp1002','木吉他','吉他','中**海','HM2100','盒','把',50.00,0);
INSERT INTO tb_kucun VALUES('sp1004','蔗糖饼干','饼干','江苏徐州','30袋/箱','箱','袋',12.00,0);
DROP TABLE IF EXISTS tb_rkth_detail ;
CREATE TABLE tb_rkth_detail( rkthID varchar(30) not null ,spid varchar(50) not null ,dj decimal(10,2) not null ,sl int(11) not null );
INSERT INTO tb_rkth_detail VALUES('RT20050923001','sp1003',3.50,1);
INSERT INTO tb_rkth_detail VALUES('RT20050926001','sp1003',3.40,10);
INSERT INTO tb_rkth_detail VALUES('RT20051005002','sp1003',3.40,1);
INSERT INTO tb_rkth_detail VALUES('RT20051005002','sp1002',890.00,1);
INSERT INTO tb_rkth_detail VALUES('RT20071020001','sp1005',431.00,10);
INSERT INTO tb_rkth_detail VALUES('RT20071020001','sp1004',120.00,2);
INSERT INTO tb_rkth_detail VALUES('RT20071109001','sp1001',101.00,1000);
INSERT INTO tb_rkth_detail VALUES('RT20071109002','sp1005',40.00,10);
INSERT INTO tb_rkth_detail VALUES('RT20080403001','sp1002',23.00,462);
INSERT INTO tb_rkth_detail VALUES('RT20080410005','sp1002',432.00,0);
INSERT INTO tb_rkth_detail VALUES('RT20080521001','sp1007',10.00,5);
DROP TABLE IF EXISTS tb_rkth_main ;
CREATE TABLE tb_rkth_main( rkthID varchar(30) not null ,pzs float not null ,je decimal(10,2) not null ,ysjl varchar(50),gysname varchar(100) not null ,rtdate datetime not null ,czy varchar(30) not null ,jsr varchar(30) not null ,jsfs varchar(10) not null );
INSERT INTO tb_rkth_main VALUES('RT20050923001',1,3.50,'3.50','新*纪文化百货商城','2005-09-23 15:19:24.0','admin','wgh','现金');
INSERT INTO tb_rkth_main VALUES('RT20050926001',1,34.00,'0.00','振撼*琴行','2005-09-26 14:01:48.0','admin','wg','现金');
INSERT INTO tb_rkth_main VALUES('RT20051005001',1,3.40,'0.00','振撼*琴行','2005-10-05 09:09:34.0','admin','hj','现金');
INSERT INTO tb_rkth_main VALUES('RT20051005002',2,893.40,'0.00','振撼*琴行','2005-10-05 13:05:35.0','admin','wq','现金');
INSERT INTO tb_rkth_main VALUES('RT20071020001',2,4550.00,'33333','振撼*琴行','2007-10-20 09:10:49.0','mr','33333','现金');
INSERT INTO tb_rkth_main VALUES('RT20071109001',1,101000.00,'合格','振撼*琴行','2007-11-09 14:32:39.0','mr','00','现金');
INSERT INTO tb_rkth_main VALUES('RT20071109002',1,400.00,'质量有问题','振撼*琴行','2007-11-09 15:50:03.0','mr','11','现金');
INSERT INTO tb_rkth_main VALUES('RT20080403001',1,10626.00,'4444','新*纪文化百货商城','2008-04-03 15:52:16.0','','44','现金');
INSERT INTO tb_rkth_main VALUES('RT20080410001',1,432.00,'1','新*纪文化百货商城','2008-04-10 10:33:51.0','','1','现金');
INSERT INTO tb_rkth_main VALUES('RT20080410002',1,0.00,'12','新*纪文化百货商城','2008-04-10 10:37:56.0','tsoft','范德萨','现金');
INSERT INTO tb_rkth_main VALUES('RT20080410003',1,-432.00,'12','新*纪文化百货商城','2008-04-10 10:38:23.0','tsoft','范德萨','现金');
INSERT INTO tb_rkth_main VALUES('RT20080521001',1,50.00,'合格','新*纪文化百货商城','2008-05-21 14:47:37.0','tsoft','范德萨','现金');
INSERT INTO tb_rkth_main VALUES('RT20080410004',1,0.00,'12','新*纪文化百货商城','2008-04-10 10:39:13.0','tsoft','范德萨','现金');
INSERT INTO tb_rkth_main VALUES('RT20080410005',1,0.00,'12','新*纪文化百货商城','2008-04-10 10:40:31.0','tsoft','范德萨','现金');
DROP TABLE IF EXISTS tb_ruku_detail ;
CREATE TABLE tb_ruku_detail( rkID varchar(30) not null ,spid varchar(50) not null ,dj decimal(10,2) not null ,sl int(11) not null );
INSERT INTO tb_ruku_detail VALUES('RK20071016001','sp1004',12.00,1142);
INSERT INTO tb_ruku_detail VALUES('RK20071016001','sp1001',10.00,100);
INSERT INTO tb_ruku_detail VALUES('RK20071016002','sp1001',10.00,400);
INSERT INTO tb_ruku_detail VALUES('RK20071016003','sp1005',10.00,400);
INSERT INTO tb_ruku_detail VALUES('RK20071016003','sp1001',10.00,500);
INSERT INTO tb_ruku_detail VALUES('RK20071016004','sp1005',10.00,100);
INSERT INTO tb_ruku_detail VALUES('RK20071016004','sp1001',10.00,10);
INSERT INTO tb_ruku_detail VALUES('RK20071016005','sp1004',10.00,110);
INSERT INTO tb_ruku_detail VALUES('RK20071016005','sp1005',100.00,1000);
INSERT INTO tb_ruku_detail VALUES('RK20071016006','sp1004',321.00,432);
INSERT INTO tb_ruku_detail VALUES('RK20071016006','sp1005',432.00,3330);
INSERT INTO tb_ruku_detail VALUES('RK20071020001','sp1004',12.00,232);
INSERT INTO tb_ruku_detail VALUES('RK20071109001','sp1002',22.00,22);
INSERT INTO tb_ruku_detail VALUES('RK20071109002','sp1007',10.00,10);
INSERT INTO tb_ruku_detail VALUES('RK20071109003','sp1005',40.00,100);
INSERT INTO tb_ruku_detail VALUES('RK20071112001','sp1008',10.00,1000);
INSERT INTO tb_ruku_detail VALUES('RK20080403001','sp1002',43.00,32);
INSERT INTO tb_ruku_detail VALUES('RK20080403002','sp1002',23.00,430);
INSERT INTO tb_ruku_detail VALUES('RK20080410007','sp1003',3.00,2);
INSERT INTO tb_ruku_detail VALUES('RK20080410008','sp1002',432.00,432);
INSERT INTO tb_ruku_detail VALUES('RK20080410009','sp1003',0.00,0);
INSERT INTO tb_ruku_detail VALUES('RK20080521001','sp1007',10.00,10);
INSERT INTO tb_ruku_detail VALUES('RK20100209001','sp1009',1.00,100);
INSERT INTO tb_ruku_detail VALUES('RK20080410009','sp1007',0.00,0);
INSERT INTO tb_ruku_detail VALUES('RK20160704001','sp1008',20.00,0);
INSERT INTO tb_ruku_detail VALUES('RK20160704001','sp1008',2.00,0);
INSERT INTO tb_ruku_detail VALUES('RK20160704002','sp1010',20.00,3);
INSERT INTO tb_ruku_detail VALUES('RK20160714001','sp1002',50.00,60);
INSERT INTO tb_ruku_detail VALUES('RK20161018001','sp1008',23.00,100);
INSERT INTO tb_ruku_detail VALUES('RK20200116001','sp1004',12.00,0);
DROP TABLE IF EXISTS tb_ruku_main ;
CREATE TABLE tb_ruku_main( rkID varchar(30) not null ,pzs int(11) not null ,je decimal(10,2) not null ,ysjl varchar(50) not null ,gysname varchar(100) not null ,rkdate datetime not null ,czy varchar(30) not null ,jsr varchar(30) not null ,jsfs varchar(10) not null );
INSERT INTO tb_ruku_main VALUES('RK20071016001',2,14704.00,'合格','振撼*琴行','2007-10-16 10:32:26.0','测试人员','某人','现金');
INSERT INTO tb_ruku_main VALUES('RK20071016002',1,4000.00,'合格','振撼*琴行','2007-10-16 10:39:28.0','测试人员','小小','现金');
INSERT INTO tb_ruku_main VALUES('RK20071016003',2,9000.00,'合格','振撼*琴行','2007-10-16 10:40:00.0','测试人员','小小','现金');
INSERT INTO tb_ruku_main VALUES('RK20071016004',2,1100.00,'1111','振撼*琴行','2007-10-16 10:42:18.0','测试人员','1111','现金');
INSERT INTO tb_ruku_main VALUES('RK20071016005',2,101100.00,'fdsa','振撼*琴行','2007-10-16 10:45:14.0','测试人员','fds','现金');
INSERT INTO tb_ruku_main VALUES('RK20071016006',2,1577232.00,'fdsa','振撼*琴行','2007-10-16 10:45:31.0','测试人员','fds','现金');
INSERT INTO tb_ruku_main VALUES('RK20071020001',1,2784.00,'fff','振撼*琴行','2007-10-20 09:04:36.0','mr','lzw','现金');
INSERT INTO tb_ruku_main VALUES('RK20071109001',1,484.00,'合格','新*纪文化百货商城','2007-11-09 14:27:56.0','mr','玲子','现金');
INSERT INTO tb_ruku_main VALUES('RK20071109002',1,100.00,'合格','新*纪文化百货商城','2007-11-09 14:28:24.0','mr','玲子','现金');
INSERT INTO tb_ruku_main VALUES('RK20071109003',1,4000.00,'合格','振撼*琴行','2007-11-09 15:49:32.0','mr','小百','现金');
INSERT INTO tb_ruku_main VALUES('RK20071112001',1,10000.00,'010','吉林省明日*业有限公司','2007-11-12 10:47:31.0','mr','11','现金');
INSERT INTO tb_ruku_main VALUES('RK20080403001',1,1376.00,'ds','新*纪文化百货商城','2008-04-03 00:00:00.0','null','ggf','现金结款');
INSERT INTO tb_ruku_main VALUES('RK20080403002',1,9890.00,'ftf','新*纪文化百货商城','2008-04-03 00:00:00.0','小陈','33','现金结款');
INSERT INTO tb_ruku_main VALUES('RK20080410001',1,0.00,'23','新*纪文化百货商城','2008-04-10 00:00:00.0','范德萨','范德萨','现金结款');
INSERT INTO tb_ruku_main VALUES('RK20080410002',1,0.00,'543','新*纪文化百货商城','2008-04-10 00:00:00.0','范德萨','范德萨','现金结款');
INSERT INTO tb_ruku_main VALUES('RK20080410003',1,8.00,'111','新*纪文化百货商城','2008-04-10 00:00:00.0','范德萨','范德萨','现金结款');
INSERT INTO tb_ruku_main VALUES('RK20080410004',1,2795.00,'432','新*纪文化百货商城','2008-04-10 00:00:00.0','范德萨','范德萨','现金结款');
INSERT INTO tb_ruku_main VALUES('RK20080410007',1,6.00,'2321','新*纪文化百货商城','2008-04-10 00:00:00.0','范德萨','范德萨','现金结款');
INSERT INTO tb_ruku_main VALUES('RK20080410008',1,186624.00,'32','新*纪文化百货商城','2008-04-10 00:00:00.0','范德萨','范德萨','现金结款');
INSERT INTO tb_ruku_main VALUES('RK20080521001',1,100.00,'合格','新*纪文化百货商城','2008-05-21 00:00:00.0','范德萨','范德萨','现金结款');
INSERT INTO tb_ruku_main VALUES('RK20100209001',1,100.00,'10','笔*有限公司','2010-02-09 00:00:00.0','liuxin','liuxin','现金结款');
INSERT INTO tb_ruku_main VALUES('RK20080410005',1,0.00,'g','新*纪文化百货商城','2008-04-10 00:00:00.0','范德萨','范德萨','现金结款');
INSERT INTO tb_ruku_main VALUES('RK20080410006',1,736.00,'111','新*纪文化百货商城','2008-04-10 00:00:00.0','范德萨','范德萨','现金结款');
INSERT INTO tb_ruku_main VALUES('RK20080410009',2,0.00,'22','新*纪文化百货商城','2008-04-10 00:00:00.0','范德萨','范德萨','现金结款');
INSERT INTO tb_ruku_main VALUES('RK20160704001',2,0.00,'正常','吉林省明日*业有限公司','2016-07-04 00:00:00.0','liuxin','liuxin','现金结款');
INSERT INTO tb_ruku_main VALUES('RK20160704002',1,60.00,'买了','吉林省明日*业有限公司','2016-07-04 00:00:00.0','liuxin','liuxin','现金结款');
INSERT INTO tb_ruku_main VALUES('RK20160714001',1,3000.00,'县城','新*纪文化百货商城','2016-07-14 00:00:00.0','liuxin','liuxin','现金结款');
INSERT INTO tb_ruku_main VALUES('RK20161018001',1,2300.00,'合格','***供应商公司','2016-10-18 00:00:00.0','liuxin','liuxin','现金结款');
INSERT INTO tb_ruku_main VALUES('RK20200116001',1,0.00,'很好吃，合格。','江苏徐州沛县饼干厂','2020-01-16 00:00:00.0','liuxin','liuxin','现金结款');
DROP TABLE IF EXISTS tb_sell_detail ;
CREATE TABLE tb_sell_detail( sellID varchar(30) not null ,spid varchar(50) not null ,dj decimal(10,2) not null ,sl float not null );
INSERT INTO tb_sell_detail VALUES('XS20050923001','sp1003',3.50,1);
INSERT INTO tb_sell_detail VALUES('XS20050923001','sp1001',789.00,1);
INSERT INTO tb_sell_detail VALUES('XS20050923002','sp1003',3.50,2);
INSERT INTO tb_sell_detail VALUES('XS20050926001','sp1005',10.00,1);
INSERT INTO tb_sell_detail VALUES('XS20051004001','sp1005',8.70,2);
INSERT INTO tb_sell_detail VALUES('XS20050104001','sp1002',890.00,1);
INSERT INTO tb_sell_detail VALUES('XS20050104002','sp1002',890.00,1);
INSERT INTO tb_sell_detail VALUES('XS20050120001','sp1002',890.00,1);
INSERT INTO tb_sell_detail VALUES('XS20050220001','sp1002',890.00,1);
INSERT INTO tb_sell_detail VALUES('XS20051004002','sp1002',890.00,1);
INSERT INTO tb_sell_detail VALUES('XS20051004003','sp1005',8.70,2);
INSERT INTO tb_sell_detail VALUES('XS20051004004','sp1003',3.40,4);
INSERT INTO tb_sell_detail VALUES('XS20050309001','sp1001',1500.00,1);
INSERT INTO tb_sell_detail VALUES('XS20050309002','sp1002',890.00,1);
INSERT INTO tb_sell_detail VALUES('XS20050309002','sp1001',1500.00,1);
INSERT INTO tb_sell_detail VALUES('XS20051005001','sp1001',1500.00,1);
INSERT INTO tb_sell_detail VALUES('XS20051005002','sp1002',890.00,1);
INSERT INTO tb_sell_detail VALUES('XS20051005002','sp1005',8.70,1);
INSERT INTO tb_sell_detail VALUES('XS20051005003','sp1003',3.40,1);
INSERT INTO tb_sell_detail VALUES('XS20051005004','sp1004',790.00,1);
INSERT INTO tb_sell_detail VALUES('XS20051005004','sp1001',1500.00,1);
INSERT INTO tb_sell_detail VALUES('XS20051006001','sp1003',3.40,1);
INSERT INTO tb_sell_detail VALUES('XS20071016001','sp1004',321.00,16);
INSERT INTO tb_sell_detail VALUES('XS20071017001','sp1004',321.00,1668);
INSERT INTO tb_sell_detail VALUES('XS20071109001','sp1007',10.00,5);
INSERT INTO tb_sell_detail VALUES('XS20071115001','sp1002',22.00,22);
INSERT INTO tb_sell_detail VALUES('XS20080410003','sp1002',432.00,0);
INSERT INTO tb_sell_detail VALUES('XS20080521001','sp1007',10.00,1);
INSERT INTO tb_sell_detail VALUES('XS20150507001','sp1009',1.00,200);
INSERT INTO tb_sell_detail VALUES('XS20150507002','sp1008',10.00,1);
INSERT INTO tb_sell_detail VALUES('XS20150507002','sp1007',10.00,1);
INSERT INTO tb_sell_detail VALUES('XS20150507002','sp1009',1.00,3);
INSERT INTO tb_sell_detail VALUES('XS20160714001','sp1007',10.00,4);
INSERT INTO tb_sell_detail VALUES('XS20200110001','sp1002',50.00,60);
INSERT INTO tb_sell_detail VALUES('XS20200116001','sp1003',5.00,30);
DROP TABLE IF EXISTS tb_sell_main ;
CREATE TABLE tb_sell_main( sellID varchar(30) not null ,pzs int(11) not null ,je decimal(10,2) not null ,ysjl varchar(50),khname varchar(100) not null ,xsdate datetime not null ,czy varchar(30) not null ,jsr varchar(30) not null ,jsfs varchar(10) not null );
INSERT INTO tb_sell_main VALUES('XS20050104001',1,890.00,'100.00','新*纪文化百货用品商城','2005-01-04 15:27:48.0','admin','gh','现金');
INSERT INTO tb_sell_main VALUES('XS20050104002',1,890.00,'100.00','新*纪文化百货用品商城','2005-01-04 15:28:10.0','admin','wg','现金');
INSERT INTO tb_sell_main VALUES('XS20050120001',1,890.00,'200.00','新*纪文化百货用品商城','2005-01-20 15:28:51.0','admin','g','现金');
INSERT INTO tb_sell_main VALUES('XS20050220001',1,890.00,'100.00','新*纪文化百货用品商城','2005-02-20 15:29:31.0','admin','gh','现金');
INSERT INTO tb_sell_main VALUES('XS20050309001',1,1500.00,'0.00','新*纪文化百货用品商城','2005-03-09 15:42:32.0','admin','kk','现金');
INSERT INTO tb_sell_main VALUES('XS20050309002',2,2390.00,'2000.00','新*纪文化百货用品商城','2005-03-09 17:20:00.0','admin','言','现金');
INSERT INTO tb_sell_main VALUES('XS20050923001',2,792.50,'792.50','新*纪文化百货用品商城','2005-09-23 13:12:45.0','admin','wgh','现金');
INSERT INTO tb_sell_main VALUES('XS20050923002',1,7.00,'7.00','新*纪文化百货用品商城','2005-09-23 13:13:04.0','admin','wgh','现金');
INSERT INTO tb_sell_main VALUES('XS20050926001',1,10.00,'10.00','新*纪文化百货用品商城','2005-09-26 13:58:30.0','admin','wgh','现金');
INSERT INTO tb_sell_main VALUES('XS20051004001',1,17.40,'17.40','新*纪文化百货用品商城','2005-10-04 13:19:03.0','admin','wgh','现金');
INSERT INTO tb_sell_main VALUES('XS20051004002',1,890.00,'0.00','新*纪文化百货用品商城','2005-10-04 15:30:04.0','admin','wgh','现金');
INSERT INTO tb_sell_main VALUES('XS20051004003',1,17.40,'0.00','新*纪文化百货用品商城','2005-10-04 15:30:23.0','admin','gh','现金');
INSERT INTO tb_sell_main VALUES('XS20051004004',1,13.60,'0.00','新*纪文化百货用品商城','2005-10-04 15:31:38.0','admin','w','现金');
INSERT INTO tb_sell_main VALUES('XS20051005001',1,1500.00,'0.00','新*纪文化百货用品商城','2005-10-05 08:24:02.0','admin','ttt','现金');
INSERT INTO tb_sell_main VALUES('XS20051005002',2,898.70,'0.00','新*纪文化百货用品商城','2005-10-05 08:24:28.0','admin','eee','现金');
INSERT INTO tb_sell_main VALUES('XS20051005003',1,3.40,'3.40','新*纪文化百货用品商城','2005-10-05 08:41:07.0','admin','ww','现金');
INSERT INTO tb_sell_main VALUES('XS20051005004',2,2290.00,'2000.00','新*纪文化百货用品商城','2005-10-05 08:42:29.0','admin','eutwin','现金');
INSERT INTO tb_sell_main VALUES('XS20051006001',1,3.40,'2.40','新*纪文化百货用品商城','2005-10-06 08:54:38.0','yan','yyy','现金');
INSERT INTO tb_sell_main VALUES('XS20071016001',1,5136.00,'fds','明日科技有限公司','2007-10-16 17:00:08.0','测试人员','伙','现金');
INSERT INTO tb_sell_main VALUES('XS20071017001',1,535428.00,'4321','明日科技有限公司','2007-10-17 08:49:34.0','测试人员','4321','现金');
INSERT INTO tb_sell_main VALUES('XS20071109001',1,50.00,'合格','明日科技有限公司','2007-11-09 14:41:40.0','mr','小刘','现金');
INSERT INTO tb_sell_main VALUES('XS20071115001',1,484.00,'ggg','明日科技有限公司','2007-11-15 18:41:15.0','mr','00','现金');
INSERT INTO tb_sell_main VALUES('XS20080410001',2,219024.00,'e2','明日科技有限公司','2008-04-10 10:26:47.0','','范德萨','现金');
INSERT INTO tb_sell_main VALUES('XS20080410002',1,0.00,'e2','明日科技有限公司','2008-04-10 10:27:51.0','','范德萨','现金');
INSERT INTO tb_sell_main VALUES('XS20080410003',1,0.00,'e2','明日科技有限公司','2008-04-10 10:28:54.0','','范德萨','现金');
INSERT INTO tb_sell_main VALUES('XS20080521001',1,10.00,'10','明日科技有限公司','2008-05-21 14:57:55.0','tsoft','范德萨','现金');
INSERT INTO tb_sell_main VALUES('XS20150507001',1,200.00,'测试是否会出库大于库存','明日科技有限公司','2015-05-07 15:44:33.0','tsoft','liuxin','现金');
INSERT INTO tb_sell_main VALUES('XS20150507002',3,23.00,'1111111111111','明日科技有限公司','2015-05-07 16:31:10.0','tsoft','liuxin','现金');
INSERT INTO tb_sell_main VALUES('XS20160714001',1,40.00,'1','明日科技有限公司','2016-07-14 11:38:28.0','tsoft','liuxin','现金');
DROP TABLE IF EXISTS tb_spinfo ;
CREATE TABLE tb_spinfo( id varchar(50) not null ,spname varchar(50) not null ,jc varchar(50),cd varchar(60),dw varchar(50) not null ,gg varchar(50) not null ,bz varchar(50),ph varchar(50),pzwh varchar(50),memo varchar(90),gysname varchar(100));
INSERT INTO tb_spinfo VALUES('sp1001','电吉他','吉他1','中**连','把','FD－3100','盒','56217','23232','无限延音功能、自带效果器','新*纪文化百货商城');
INSERT INTO tb_spinfo VALUES('sp1002','木吉他','吉他','中**海','把','HM2100','盒','32286','875845624','可接电','新*纪文化百货商城');
INSERT INTO tb_spinfo VALUES('sp1005','润*滴眼液','RZDYY','山*正大福*达制药有限公司','盒','10ml/支','纸盒','20040728','鲁*消备字','','振撼*琴行');
INSERT INTO tb_spinfo VALUES('sp1006','电吉他','电吉他','电吉他','电吉他','电吉他','','','','','');
INSERT INTO tb_spinfo VALUES('sp1007','铅笔','QB','长春','铅笔厂','9*','沿着','14**','222**','无','新*纪文化百货商城');
INSERT INTO tb_spinfo VALUES('sp1008','手工艺品','SAYP','长春市','长春','1','5','25','212','很不错','吉林省明日*业有限公司');
INSERT INTO tb_spinfo VALUES('sp1009','锅巴','锅巴','吉林','袋','200G/袋','袋','001','2131213','无','笔*有限公司');
INSERT INTO tb_spinfo VALUES('sp1010','航母','航母','美国','艘','gbxxxxxx','gbxxxxxx','gbxxxxxx','gbxxxxxx','','吉林省明日*业有限公司');
INSERT INTO tb_spinfo VALUES('sp1003','锅碗瓢盆','厨具','江苏扬州','只','20只/箱','箱','20200201','苏K20200201','日用百货，家庭必备','江苏扬州百货大楼');
INSERT INTO tb_spinfo VALUES('sp1004','蔗糖饼干','饼干','江苏徐州','袋','30袋/箱','箱','20200202','苏C20200202','休闲食品','江苏徐州沛县饼干厂');
INSERT INTO tb_spinfo VALUES('sp1011','笔记本电脑','笔记本','江苏昆山','台','1台/盒','盒','20200203','苏E20200203','办公娱乐两不误','江苏昆山商品实验基地');
INSERT INTO tb_spinfo VALUES('sp1012','丰谷白酒','丰谷酒','四川绵阳','瓶','6瓶/箱','箱','20200204','川B20200204','古法酿造，始终如一','四川绵阳丰谷酒业');
INSERT INTO tb_spinfo VALUES('sp1013','智能手机','手机','广东深圳','部','1部/盒','盒','20200205','粤B20200205','生活必需品，时代潮流','广东深圳龙岗基地');
INSERT INTO tb_spinfo VALUES('sp1014','运动饮料','饮料','江苏宜兴','瓶','12瓶/箱','箱','20200206','苏B20200206','消暑必备，消除疲劳','江苏宜兴红牛产地');
INSERT INTO tb_spinfo VALUES('sp1015','运动水杯','水杯','浙江义乌','杯','20杯/箱','箱','20200207','浙G20200207','运动必备，携带方便','浙江义乌小商品城');
INSERT INTO tb_spinfo VALUES('sp1016','刷墙油漆','油漆','上海静安','桶','4桶/箱','箱','20200208','沪A20200208','装修神器，好心情','上海静安装饰城');
INSERT INTO tb_spinfo VALUES('sp1017','真皮沙发','沙发','北京昌平','件','6件/套','套','20200209','京20200209','坐着躺着就是舒服','北京昌平大家居城');
INSERT INTO tb_spinfo VALUES('sp1018','实木书柜','书柜','北京昌平','个','2个/套','套','20200210','京20200210','爱学习爱读书必备','北京昌平大家居城');
INSERT INTO tb_spinfo VALUES('sp1019','平板电脑','ipad','广东深圳','部','1部/盒','盒','20200211','粤B20200211','比手机还好玩','广东深圳龙岗基地');
INSERT INTO tb_spinfo VALUES('sp1020','各种茶茶叶','茶叶','安徽黄山','袋','4袋/盒','盒','20200212','皖J20200212','送礼自己喝都不错','安徽黄山毛峰茶厂');
INSERT INTO tb_spinfo VALUES('sp1021','惠普打印机','打印机','广东深圳','台','1台/盒','盒','20200213','粤B20200213','办公必备一定很棒','广东深圳龙岗基地');
INSERT INTO tb_spinfo VALUES('sp1022','吃饭饭盒','饭盒','浙江义乌','个','30个/箱','箱','20200214','浙G20200214','携带方便，微波加热','浙江义乌小商品城');
INSERT INTO tb_spinfo VALUES('sp1023','黑白巧克力','巧克力','江苏徐州','条','10条/盒','盒','20200215','苏C20200215','一个字，就是好吃','江苏徐州沛县饼干厂');
DROP TABLE IF EXISTS tb_userlist ;
CREATE TABLE tb_userlist( name varchar(30) not null ,pass varchar(50) not null );
INSERT INTO tb_userlist VALUES('zky','123456');
DROP TABLE IF EXISTS tb_xsth_detail ;
CREATE TABLE tb_xsth_detail( xsthID varchar(30) not null ,spid varchar(50) not null ,dj decimal(10,2) not null ,sl int(11) not null );
INSERT INTO tb_xsth_detail VALUES('XT20051005001','sp1004',790.00,1);
INSERT INTO tb_xsth_detail VALUES('XT20051005002','sp1002',890.00,1);
INSERT INTO tb_xsth_detail VALUES('XT20051005003','sp1002',890.00,1);
INSERT INTO tb_xsth_detail VALUES('XT20051216001','sp1004',790.00,1);
INSERT INTO tb_xsth_detail VALUES('XT20071017001','sp1005',432.00,4830);
INSERT INTO tb_xsth_detail VALUES('XT20071017002','sp1005',432.00,9660);
INSERT INTO tb_xsth_detail VALUES('XT20071109001','sp1007',10.00,1);
INSERT INTO tb_xsth_detail VALUES('XT20080410001','sp1001',151.00,-1000);
INSERT INTO tb_xsth_detail VALUES('XT20080521001','sp1007',10.00,1);
DROP TABLE IF EXISTS tb_xsth_main ;
CREATE TABLE tb_xsth_main( xsthID varchar(30) not null ,pzs int(11) not null ,je decimal(10,2) not null ,ysjl varchar(50),khname varchar(100) not null ,thdate datetime not null ,czy varchar(30) not null ,jsr varchar(30) not null ,jsfs varchar(10) not null );
INSERT INTO tb_xsth_main VALUES('XT20051005001',1,790.00,'0.00','新*纪文化百货用品商城','2005-10-05 13:17:31.0','admin','jh','现金');
INSERT INTO tb_xsth_main VALUES('XT20051005002',1,890.00,'90.00','新*纪文化百货用品商城','2005-10-05 13:25:52.0','admin','hj','现金');
INSERT INTO tb_xsth_main VALUES('XT20051005003',1,890.00,'0.00','新*纪文化百货用品商城','2005-10-05 13:32:38.0','admin','wgh','现金');
INSERT INTO tb_xsth_main VALUES('XT20051216001',1,790.00,'90.00','新*纪文化百货用品商城','2005-12-16 17:24:46.0','admin','kk','现金');
INSERT INTO tb_xsth_main VALUES('XT20071017001',1,2086560.00,'432','明日科技有限公司','2007-10-17 08:50:05.0','测试人员','432','现金');
INSERT INTO tb_xsth_main VALUES('XT20071017002',1,4173120.00,'432','明日科技有限公司','2007-10-17 08:50:12.0','测试人员','432','现金');
INSERT INTO tb_xsth_main VALUES('XT20071109001',1,10.00,'不合格','明日科技有限公司','2007-11-09 14:42:12.0','mr','99','现金');
INSERT INTO tb_xsth_main VALUES('XT20080410001',1,-151000.00,'321','明日科技有限公司','2008-04-10 10:34:27.0','tsoft','范德萨','现金');
INSERT INTO tb_xsth_main VALUES('XT20080521001',1,10.00,'10','明日科技有限公司','2008-05-21 14:58:18.0','tsoft','范德萨','现金');
DROP VIEW IF EXISTS v_rukuView;
CREATE VIEW v_rukuView AS SELECT tb_ruku_main.rkID, tb_ruku_detail.spid, tb_spinfo.spname, tb_spinfo.gg, tb_ruku_detail.dj, tb_ruku_detail.sl,tb_ruku_detail.dj * tb_ruku_detail.sl AS je, tb_spinfo.gysname, tb_ruku_main.rkdate, tb_ruku_main.czy, tb_ruku_main.jsr,tb_ruku_main.jsfs FROM tb_ruku_detail INNER JOIN tb_ruku_main ON tb_ruku_detail.rkID = tb_ruku_main.rkID INNER JOIN tb_spinfo ON tb_ruku_detail.spid = tb_spinfo.id;
DROP VIEW IF EXISTS v_sellView;
CREATE VIEW v_sellView AS SELECT tb_sell_main.sellID, tb_spinfo.spname, tb_sell_detail.spid, tb_spinfo.gg, tb_sell_detail.dj, tb_sell_detail.sl,tb_sell_detail.sl * tb_sell_detail.dj AS je, tb_sell_main.khname, tb_sell_main.xsdate, tb_sell_main.czy, tb_sell_main.jsr,tb_sell_main.jsfs FROM tb_sell_detail INNER JOIN tb_sell_main ON tb_sell_detail.sellID = tb_sell_main.sellID INNER JOIN tb_spinfo ON tb_sell_detail.spid = tb_spinfo.id;
