DROP TABLE IF EXISTS tb_gysinfo ;
CREATE TABLE tb_gysinfo( id varchar(50) not null ,name varchar(60) not null ,jc varchar(50),address varchar(100),bianma varchar(50),tel varchar(50),fax varchar(50),lian varchar(50),ltel varchar(50),yh varchar(50),mail varchar(50));
INSERT INTO tb_gysinfo VALUES('gys1007','吉林供应商公司','GYS','长春市二道区','130031','2132','1111','32121','231231','231213123456789','231231');
INSERT INTO tb_gysinfo VALUES('gys1002','新世纪文化百货商城','新百','吉林省辽源市','1363','0437-6930**','52186**','于X','138686*****','中国人民银行','y*@etang.com');
INSERT INTO tb_gysinfo VALUES('gys1004','吉林省明日影业有限公司','JLMRSY','长春市东盛大街89号','','0431-4972**','568978945','ww','51594858458','中国建设银行','515194878@qq.com');
INSERT INTO tb_gysinfo VALUES('gys1005','笔皮有限公司','BHYXGS','长在市','1111','1212','2151','毛皮','44411','8*@1*.com','8885');
INSERT INTO tb_gysinfo VALUES('gys1001','江苏扬州百货大楼','扬大百货','江苏省扬州市邗江区','20200101','15162389547','15165478956','张总','18326478956','中国建设银行','18326478956@163.com');
INSERT INTO tb_gysinfo VALUES('gys1003','江苏徐州沛县饼干厂','饼干厂','江苏省徐州市沛县汉园大道','20200102','15162389548','15165478957','王经理','18326478957','中国工商银行','18326478957@163.com');
INSERT INTO tb_gysinfo VALUES('gys1006','江苏昆山商品实验基地','实验基地','江苏省昆山市','20200103','15162389549','15165478958','葛老板','18326478958','中国招商银行','18326478958@163.com');
INSERT INTO tb_gysinfo VALUES('gys1008','四川绵阳丰谷酒业','丰谷酒业','四川省绵阳市','20200104','15162389550','15165478959','刘经理','18326478959','中国农业银行','18326478959@163.com');
INSERT INTO tb_gysinfo VALUES('gys1010','广东深圳龙岗基地','龙岗基地','广东省深圳市','20200105','15162389551','15165478960','吴总','18326478960','中国邮政储蓄银行','18326478960@163.com');
INSERT INTO tb_gysinfo VALUES('gys1011','江苏宜兴红牛产地','红牛产地','江苏省宜兴市','20200106','18273934599','18274934592','章老板','17759577345','交通银行','17759577345@126.com');
INSERT INTO tb_gysinfo VALUES('gys1009','浙江义乌小商品城','小商品城','浙江省义乌市','20200107','18273934600','18274934593','赵董事长','17759577346','浙江银行','17759577346@126.com');
INSERT INTO tb_gysinfo VALUES('gys1012','上海静安装饰城','装饰城','上海市静安区南京路','20200108','18273934601','18274934594','钱老五','17759577347','上海银行','17759577347@126.com');
INSERT INTO tb_gysinfo VALUES('gys1013','北京昌平大家居城','家具城','北京市昌平区鼓楼北街','20200109','18273934601','18274934595','李老板','17759577348','北京银行','17759577348@126.com');
INSERT INTO tb_gysinfo VALUES('gys1014','安徽黄山毛峰茶厂','毛峰茶厂','安徽省黄山市','20200110','18273934603','18274934596','周总','17759577349','中国农村商业银行','17759577349@126.com');
INSERT INTO tb_gysinfo VALUES('gys1015','安利中国日用品有限公司','安利公司','广东省广州市经济技术开发区','20200111','18956478445','17154685542','查理女士','19125878489','广东发展银行','19125878489@sohu.com');
INSERT INTO tb_gysinfo VALUES('gys1016','广东美的生活电器制造有限公司','美的公司','广东省佛山市禅城区北窑镇三乐路19号','20200112','18956478446','17154685543','何经理','19125878450','中信银行','19125878450@sohu.com');
INSERT INTO tb_gysinfo VALUES('gys1017','鑫隆百货服装批发市场','鑫隆公司','北京市通州区玉桥街道鑫隆市场','20200113','18956478447','17154685544','李先生','19125878451','国家开发银行','19125884451@sohu.com');
INSERT INTO tb_gysinfo VALUES('gys1018','香格里拉特产市场','香格里拉','云南迪庆藏族自治州香格里拉县','20200114','18956478448','17154685545','余福海','19125878452','民生银行','19125878452@sohu.com');
INSERT INTO tb_gysinfo VALUES('gys1019','湖北中烟工业有限责任公司','烟草公司','湖北省武汉市东西湖金山大道1335号','20200115','18956478449','17154685546','郜董事','19125878453','中国工商银行','19125878452@sohu.com');
INSERT INTO tb_gysinfo VALUES('gys1020','广州尼米优选创意家居有限公司','尼米优选','广州市白云区聚源街50号欣凯科创园1号楼15楼','20200116','18602701066','400-56997844','张永清先生','19125878454','开发银行','1578457894@qq.com');
INSERT INTO tb_gysinfo VALUES('gys1021','广州喜爱创意家居有限公司','喜爱家居','广州市白云区鹤龙街细彭岭路13号江龙国际电商产业园13栋508','20200117','4000887987','400-5699785','李红女士','17356878895','广发银行','1735687887@qq.com');
INSERT INTO tb_gysinfo VALUES('gys1022','香港优尚国际集团有限公司','优尚国际','广州市白云区黄园路联合工业区','20200118','4000887988','400-5699786','杨经理','17356878896','广州银行','1846877845@qq.com');
INSERT INTO tb_gysinfo VALUES('gys1023','武汉宝莱恒鑫国际贸易有限公司','宝莱恒鑫','武汉市江夏区经济开发区藏龙岛杨桥湖大道15号','20200119','4000887990','400-5699789','孙永航先生','17356878897','武汉银行','1567778495@qq.com');
INSERT INTO tb_gysinfo VALUES('gys1024','江苏新美源食品有限公司','新美源食品','泗洪县洪泽湖水产城','20200120','4000887991','420-5645125','赵耀先生','16456874484','江苏银行','16456874484@163.com');
INSERT INTO tb_gysinfo VALUES('gys1025','江苏两心同酒业股份有限公司','两心同','宿迁市洋河镇东工业区徐淮路北侧','20200121','15174326743','520-8948265','刘宝林先生','16456874485','江苏银行','16456874485@163.com');
INSERT INTO tb_gysinfo VALUES('gys1026','山东冠县尊仕食品有限公司','尊仕食品','山东冠县东古城镇童庄村','20200122','13323204270','520-8948266','李华巍先生','16456874486','济南银行','16456874486@163.com');
INSERT INTO tb_gysinfo VALUES('gys1027','宁晋县西麦诺食品厂','西麦诺','河北省邢台市宁晋县凤凰镇西王里村村东','20200123','15273276450','520-8948267','王先生','16547895641','河北银行','16547895641@163.com');
INSERT INTO tb_gysinfo VALUES('gys1028','宁波农谣食品有限公司','农谣食品','浙江宁海县长街镇新五新村茅洋46号','20200124','0574-65311386','0574-65311386','苏子标先生','16547895641','宁波银行','16547895641@163.com');
INSERT INTO tb_gysinfo VALUES('gys1029','南京江宁交春干果经营部','交春干果','江苏省南京市江宁区东鹿其路众彩物流副食品A区741','20200125','02558670359','025-58670359','黄交春女士','13951742728','南京银行','13951742728@163.com');
INSERT INTO tb_gysinfo VALUES('gys1030','江山市金味农产品有限公司','金味农产品','浙江省江山市虎山街道通达路220号D1-D5号','20200126','0570-4336677','0570-4336677','周总先生','13951742728','浙江银行','13951742728@163.com');
INSERT INTO tb_gysinfo VALUES('gys1031','三只松鼠股份有限公司','三只松鼠','安徽芜湖市戈江区芜湖高新技术产业开发区','20200127','15273276451','0570-4336678','章燎源先生','13951742729','中国银行','13951742729@163.com');
INSERT INTO tb_gysinfo VALUES('gys1032','沈阳张记食品有限公司','张记食品','辽宁省沈阳市东陵区榆林街20号','20200128','086-240-62132777','86*024-24769905','张芳红经理','13951742730','中国建设银行','13951742730@163.com');
INSERT INTO tb_gysinfo VALUES('gys1033','福建立兴食品贸易有限公司','立兴食品','福建省漳州市芗城区东路八达大厦对面','20200129','0596-2999187','0596-2999169','郭国文经理','13852478945','福建银行','13852478945@126.com');
INSERT INTO tb_gysinfo VALUES('gys1034','合肥杠岗香食品有限公司','杠岗香食品','安徽省合肥市瑶海区产业园枞阳路和复兴路交叉口','20200130','0551-62698561','0551-62643578','张经理','13852478946','中国农业银行','13852478946@126.com');
INSERT INTO tb_gysinfo VALUES('gys1035','大庆市周家庄食品有限公司','周家庄食品','黑龙江省大庆市萨尔图区新发街3号','20200131','0459-6810982','0459-6810982','秦先生','13852478947','中国招商银行','13852478947@126.com');
INSERT INTO tb_gysinfo VALUES('gys1036','邵东家天下商贸有限公司','邵东家天下','深圳市宝安区田察第五工业区18栋2楼','20200201','0514-8978956','0514-8978956','李向东先生','18957647556','中国健身银行','18957647554@163.com');
INSERT INTO tb_gysinfo VALUES('gys1037','深圳永锐变色工艺制品有限公司','永锐变色','深圳市宝安区同兴达大厦','20200202','0155-27054554','0155-27054554','杨永伟先生','18957675589','中国农业银行','18957675589@163.com');
INSERT INTO tb_gysinfo VALUES('gys1038','安平县胖三铁丝工艺制品厂','胖三铁丝','衡水市安平县两洼工业区','20200203','0154-89807985','0154-89807985','贺老板','18851565789','中国工商银行','18851565789@163.com');
INSERT INTO tb_gysinfo VALUES('gys1039','广州笔海文具有限公司','笔海文具','广州市越秀区一德路235-243号','20200204','0516-89567457','0516-89567457','吴建华先生','13326435760','广州银行','13326435760@163.com');
INSERT INTO tb_gysinfo VALUES('gys1040','深圳杰盛展示制品有限公司','杰盛制品','深圳市宝安区福永街道凤凰村第二工业区8栋3楼','20200205','0517-89856848','0517-89856848','罗必恳先生','13480804554','深圳银行','13480804554@163.com');
INSERT INTO tb_gysinfo VALUES('gys1041','苍南县俊杰工艺厂','俊杰工艺品','苍南县龙乡镇芦浦社区县后村县后街103号','20200206','0518-89807854','0518-89807845','杨思晨先生','13845765740','浙江银行','13845765740@163.com');
INSERT INTO tb_gysinfo VALUES('gys1042','河北融帮金融设备有限公司','融帮金融','河北省保定市定兴县天宫寺镇高家庄村','20200207','0519-89856745','0519-89856745','张先生','18630206586','河北银行','18630206586@163.com');
INSERT INTO tb_gysinfo VALUES('gys1043','西安奥迅电子科技有限公司','奥迅科技','西安市未央区谭家街道团结六组五新村89号','20200208','0520-89856213','0520-89856213','张刚先生','13669267450','陕西银行','13669267450@163.com');
INSERT INTO tb_gysinfo VALUES('gys1044','北京汉王精锐科技有限公司','汉王科技','北京市海淀区中关村大街22号12层A1206号','20200209','0521-89807894','0521-89807984','毕先生','13651273829','北京银行','13651273829@163.com');
INSERT INTO tb_gysinfo VALUES('gys1045','南京金科瑞商贸有限公司','金科瑞商贸','南京市鼓楼区幕府东路205号','20200210','0522-89857458','0522-89857458','李先生','13337811998','南京银行','13337811998@163.com');
INSERT INTO tb_gysinfo VALUES('gys1046','徐州卷烟厂','卷烟厂','江苏省徐州市某街道某大院','221630','89807874','788987','老徐','4781578484','487589@qq.com','徐州银行');
INSERT INTO tb_gysinfo VALUES('gys1047','江苏烟草局','烟草局','江苏省南京市淮海路18号','221600','14787488','14789512','苏总','1148952692','162897@163.com','南京银行');
INSERT INTO tb_gysinfo VALUES('gys1048','徐州大地集团','大地集团','江苏省徐州市汉园大道67号','221645','1547897485','5478946','易先生','1567897458','1567897458@163.com','中国工商银行');
DROP TABLE IF EXISTS tb_jsr ;
CREATE TABLE tb_jsr( id int(11) not null  primary key  AUTO_INCREMENT ,name varchar(15) not null ,sex char(2),age int(11),tel varchar(20),enable int(11) not null );
INSERT INTO tb_jsr VALUES(3,'lx','女',25,'136******',0);
INSERT INTO tb_jsr VALUES(4,'liuxin','男',25,'136******',1);
INSERT INTO tb_jsr VALUES(5,'zhangkaiyuan','男',22,'110',1);
INSERT INTO tb_jsr VALUES(6,'张老五','男',25,'16239874556',0);
INSERT INTO tb_jsr VALUES(7,'王老五','男',32,'119',0);
INSERT INTO tb_jsr VALUES(8,'老家伙','男',45,'8987875',0);
INSERT INTO tb_jsr VALUES(9,'王小姐','女',22,'154784859',1);
INSERT INTO tb_jsr VALUES(10,'刘女士','男',20,'15784789784',1);
DROP TABLE IF EXISTS tb_khinfo ;
CREATE TABLE tb_khinfo( id varchar(50) not null ,khname varchar(50),jian varchar(50),address varchar(100),bianma varchar(50),tel varchar(50),fax varchar(50),lian varchar(50),ltel varchar(50),mail varchar(50),xinhang varchar(60),hao varchar(60));
INSERT INTO tb_khinfo VALUES('kh1001','明日科技有限公司','明日','长春市东盛大街','111111','111111','111111','高经理','544444','888@**.com','544554','454545');
INSERT INTO tb_khinfo VALUES('kh1002','吉林省明日科技有限公司','明日科技','长春市二道区','1111110','52415','54252','高经理','136524','mingrisoft@mingrisoft.com.cn','建设银行','231586');
INSERT INTO tb_khinfo VALUES('kh1003','五*缤纷','五彩','长春市','122','45644','8888','路路','1000402','0*@*4.com','25250','020202');
INSERT INTO tb_khinfo VALUES('kh1004','小小公司','XXGS','长春市','1010','1111','1111','明子','121212','88*@.com','8888','88');
INSERT INTO tb_khinfo VALUES('kh1005','上海万家汇有限公司','万家汇','上海宝山区吴淞街道106号','1005','181182097117','55666857','徐老板','15252576054','15252576054@sohu.com','中信银行','621799300028411666');
INSERT INTO tb_khinfo VALUES('kh1006','天津煤矿产业有限公司','煤矿公司','天津市滨海新区河北路4-396号','1006','18118209712','55666858','郑老总','15252276055','15252276055@suhu.com','广发银行','621462432100049335');
INSERT INTO tb_khinfo VALUES('kh1007','江苏南京鼓楼物业公司','物业公司','江苏省南京市鼓楼区清凉门大街1号','1007','18118209713','55666859','陈先生','15252276056','15252276056@sohu.com','兴业银行','621462543200056412');
INSERT INTO tb_khinfo VALUES('kh1008','江苏徐州万家福购物公司','购物公司','江苏省徐州市鼓楼区黄河北路57号','1008','18118209717','55666860','汪先生','15252276057','15252276057@sohu.com','光大银行','621463789852342221');
INSERT INTO tb_khinfo VALUES('kh1009','杭州大东门有限公司','东门公司','浙江省杭州市余杭区余杭街道107号','1009','18118209718','55666861','刘女士','15252276058','15252276058@sohu.com','华夏银行','6217896323456767771');
INSERT INTO tb_khinfo VALUES('kh1010','北京大兴股份有限公司','大兴公司','北京市大兴区清源街道37号','1000','17156892657','55666862','王女士','15252276059','15252276059@sohu.com','招商银行','6217993450895678881');
INSERT INTO tb_khinfo VALUES('kh1011','太平洋建设集团有限公司','太平洋集团','新疆乌鲁木齐市高新区四平路2288号','1011','17156892658','55666863','邹兆杰先生','19285678955','192856789955@outlook.com','恒丰银行','6217883222845276667');
INSERT INTO tb_khinfo VALUES('kh1012','正威国际集团有限公司','正威集团','广东省深圳市宝安区公明镇楼村第二工业区正威工业区','1012','17156892658','55666864','占贤文先生','19285678956','19285678956@outlook.com','民生银行','6227889555874056667');
INSERT INTO tb_khinfo VALUES('kh1013','恒力集团有限公司','恒力集团','江苏省吴江市南麻经济技术开发区','1013','17156892659','55666865','陈建华先生','19285678957','19285678957@outlook.com','江苏银行','622788541206379994');
INSERT INTO tb_khinfo VALUES('kh1014','绿地控股集团股份有限公司','绿地集团','上海市黄浦区打浦路700号','1014','15356689744','55666867','黄健女士','19285678958','19285678958@outlook.com','上海银行','6235558888745689994');
INSERT INTO tb_khinfo VALUES('kh1015','海亮集团有限公司','海亮集团','浙江省绍兴市诸暨市店口镇解放路386号','1015','15356689745','55666868','冯亚丽女士','19285678958','19285678958@outlook.com','浙商银行','6218779555624789995');
INSERT INTO tb_khinfo VALUES('kh1016','物产中大集团股份有限公司','物产中大','浙江省杭州市下城区环城西路56号','1016','15356689746','55666869','王挺革先生','15647785946','15647785947@sina.com','浙江银行','6238779555647842226');
INSERT INTO tb_khinfo VALUES('kh1017','山东魏桥创业集团有限公司','山东魏桥','山东省滨州市邹平市经济开发区魏纺路2号','1017','15356689747','55666870','张波女士','15647785947','15647785947@sina.com','山东银行','62178985444152149999');
INSERT INTO tb_khinfo VALUES('kh1018','中国华能集团有限公司','华能集团','北京市西城区复兴门南大街2天银大厦C座','1018','14578941512','55666871','刘建玲女士','15647785948','15647785948@sina.com','北京银行','6541884666841523337');
INSERT INTO tb_khinfo VALUES('kh1019','阳光龙净集团有限公司','阳光龙净','上海自由贸易区富特西路155号C座六层X8室','1019','14578941513','55666872','吴洁女士','15647785949','15647785949@sina.com','上海银行','5618774555954651112');
INSERT INTO tb_khinfo VALUES('kh1020','新兴际华集团有限公司','新兴际华','北京朝阳区东三环路5号财富金融中心','1020','14578941514','55666873','张雅琳女士','15647785950','15647785950@sina.com','北京民生银行','895477895515004664');
INSERT INTO tb_khinfo VALUES('kh1021','东浩兰生集团有限公司','东浩兰生','上海自由贸易试验区国展路1099号','1021','021-20893600','021-20893600','王强先生','14789578945','14789578945@qq.com','上海银行','6238557496874056667');
INSERT INTO tb_khinfo VALUES('kh1022','万洲国际有限公司','万洲国际','香港九龙柯士甸道西1号环球贸易广场76楼','1022','86-395-262-2616','86-3952622616','万隆先生','14789578946','14789578946@qq.com','香港银行','6237884111257989997');
INSERT INTO tb_khinfo VALUES('kh1023','浙江恒逸集团公司','恒逸集团','杭州市萧山区衙前镇项漾村','1023','0571-82795888','82795888','邱建林先生','14789578947','14789578947@qq.com','浙江银行','6547898555214789991');
INSERT INTO tb_khinfo VALUES('kh1024','北大方正集团有限公司','北大方正','北京海淀区成府路298号','1024','15051024123','82795889','王选先生','15146871859','1568947851@qq.com','北京银行','6587998444527896654');
INSERT INTO tb_khinfo VALUES('kh1025','新希望集团有限公司','新希望','成都市武侯区人民南路4段45号','1025','028-85244765','82795890','刘永好先生','15146871860','1568947852@qq.com','四川银行','6238779555416287994');
INSERT INTO tb_khinfo VALUES('kh1026','北京首农食品集团有限公司','北京首农','北京市朝阳区曙光西路28号','1026','010-62003742','82795891','王国峰先生','15146871861','1568947853@qq.com','中国建设银行','6517894555261489992');
INSERT INTO tb_khinfo VALUES('kh1027','南通三建控股有限公司','南通三建','南通市海门市经济开发区广州路999号','1027','0513-82317450','0513-82317450','黄裕辉先生','17148544789','450884274@qq.com','中国工商银行','621477899956847889');
INSERT INTO tb_khinfo VALUES('kh1028','超威集团','超威集团','浙江省湖州市长兴县雉城镇雉洲大道12号','1028','400-857-3778','400-8573778','周董先生','17148544790','cwscdcb@cnchaowei.com','中国邮政储蓄银行','6217998555954179991');
INSERT INTO tb_khinfo VALUES('kh1029','万向集团公司','万向集团','浙江省杭州市萧山经济区','1029','0571-82837450','0571-82837450','鲁伟鼎先生','17148544791','wanxiang@wanxiang.com.cn','中国农业银行','6238997777489546661');
INSERT INTO tb_khinfo VALUES('kh1030','协鑫集团有限公司','协鑫集团','苏州高新区科技城锦峰路199号','1030','021-68574370','021-68574370','朱钰峰先生','17356145778','liwen@gcl-power.com','江苏银行','6217998555415067778');
INSERT INTO tb_khinfo VALUES('kh1031','东方国际有限公司','东方国际','上海市娄山关路85号A座22-24号','1031','021-22110470','021-2110470','李黑记先生','17356145779','bussiness@oih.com.cn','上海银行','622789845451614701154');
INSERT INTO tb_khinfo VALUES('kh1032','东岭集团股份有限公司','东岭集团','陕西省宝鸡市金台区金台大道69号','1032','0917-345789','0917-345789','徐诗颖女士','17361445780','sxdl@126.com','陕西银行','6217999857469997');
INSERT INTO tb_khinfo VALUES('kh1033','复星国际有限公司','复星国际','中国上海复兴东路2号','1033','86-21-23156666','8621-23156666','郭广昌先生','15162033697','ir@fosun.com','上海银行','6217998544215541655');
INSERT INTO tb_khinfo VALUES('kh1034','南山集团有限公司','南山集团','山东省龙口市南山工业园','1034','861472098','861472098','宋建波先生','15162033697','nanshan@nanshan.com.cn','济南银行','623611895674568');
INSERT INTO tb_khinfo VALUES('kh1035','上海均和集团有限公司','均和集团','上海市杨浦区逸仙路661号新海商务大厦','1035','021-55884720','021-55884720','何旗先生','15162033697','1226184720@qq.com','上海银行','6218996666782626');
INSERT INTO tb_khinfo VALUES('kh1036','亨通集团有限公司','亨通集团','苏州市吴江区士都镇亨通大道88号','1036','0512-63197320','0512-63197320','崔根良先生','15362044578','www.hengtong@qq.com','苏州银行','6458967899968474');
INSERT INTO tb_khinfo VALUES('kh1037','江苏悦达集团有限公司','悦达集团','盐城市亭湖区五星街道','1037','0515-80984720','0515-80984720','王连春先生','15362044579','yyhhh@public.yc.js.cn','江苏银行','6238996555789478889');
INSERT INTO tb_khinfo VALUES('kh1038','华泰集团有限公司','华泰集团','山东东营市广饶县大干镇','1038','0546-7792640','0546-7792640','李建华先生','15362044580','1727302030@163.com','交通银行','6235617895485185518');
INSERT INTO tb_khinfo VALUES('kh1039','三房巷集团有限公司','三房巷集团','江阴市周庄镇三房巷路1号','1039','0510-86224720','0510-86224720','卞平刚先生','15162089745','bfr@sfxjt.com','江苏银行','3629874895484852828');
INSERT INTO tb_khinfo VALUES('kh1040','远大物产集团有限公司','远大物产','宁波市大榭开发区金莹商住2号楼营业房10号','1040','0574-87734720','0574-87734720','金波先生','15162089745','dograde@grand-trand.com','浙江银行','6326894862582568552');
INSERT INTO tb_khinfo VALUES('kh1041','三一集团有限公司','三一集团','长江市经济开发区三一工业区','1041','0731-84034270','0731-84034270','唐修国先生','15362378945','1475607924@qq.com','上海银行','6236338484789998574');
INSERT INTO tb_khinfo VALUES('kh1042','百联集团有限公司','百联集团','上海市黄浦区中山南路315号8楼','1042','021-63323636','021-63323636','叶永明先生','15362378946','biogf600827@163.com','上海银行','6237998584859262825');
INSERT INTO tb_khinfo VALUES('kh1043','青建集团','青建集团','青岛市市南区南海之路5号','1043','0086-532-88257999','56-0532-88257966','吴书仪先生','15165878988','cnqc@cnqc.com','山东银行','6238997444857496667');
INSERT INTO tb_khinfo VALUES('kh1044','德力西集团有限公司','德力西集团','浙江省乐清市柳市镇柳青路1号','1044','62724750','62724750','胡成中先生','15165878989','15165878989@163.com','浙江银行','6235897485914692282');
INSERT INTO tb_khinfo VALUES('kh1045','东旭集团','东旭・集团','河北省石家庄市高新区珠江大道369号','1045','0311-86134577','0311-86134577','李兆廷先生','16387498821','16387498821@163.com','河北银行','6238788552455251547');
INSERT INTO tb_khinfo VALUES('kh1046','江苏华西集团有限公司','华西集团','江阴市华士镇华西新市村民路2号','1046','051086214','051086214','吴谢思先生','18361785479','18361785479@163.com','江苏银行','6214899574852227924');
INSERT INTO tb_khinfo VALUES('kh1047','徐州地铁','老徐一号','徐州全市','221634','7898499','799485','徐老板','4579982652','162338@qq.com','江苏银行','48952620');
INSERT INTO tb_khinfo VALUES('kh1048','蛋黄派先生','老黄','广州市白云国际机场旁边的小房子','457845','1897458945','789456456','黄小厨','1587489568','1587489856@126.com','广州银行','84798687549');
DROP TABLE IF EXISTS tb_kucun ;
CREATE TABLE tb_kucun( id varchar(30) not null ,spname varchar(50) not null ,jc varchar(25),cd varchar(50),gg varchar(50),bz varchar(50),dw varchar(10),dj decimal(10,2),kcsl int(11));
INSERT INTO tb_kucun VALUES('sp1005','润*滴眼液','RZDYY','山*正大福*达制药有限公司','10ml/支','纸盒','盒',40.00,17972);
INSERT INTO tb_kucun VALUES('sp1007','铅笔','QB','长春','9*','沿着','铅笔厂',5.00,8998);
INSERT INTO tb_kucun VALUES('sp1008','手工艺品','SAYP','长春市','1','5','长春',23.00,958);
INSERT INTO tb_kucun VALUES('sp1003','碧**莉香型洗衣粉','BLMLXXXYF','广**保洁公司','350g','塑包','袋',41.00,410);
INSERT INTO tb_kucun VALUES('sp1010','航母','航母','美国','gbxxxxxx','gbxxxxxx','艘',15000000.00,-1);
INSERT INTO tb_kucun VALUES('sp1002','木吉他','吉他','中**海','HM2100','盒','把',178.00,620);
INSERT INTO tb_kucun VALUES('sp1004','蔗糖饼干','饼干','江苏徐州','30袋/箱','箱','袋',45.00,-310);
INSERT INTO tb_kucun VALUES('sp1013','智能手机','手机','广东深圳','1部/盒','盒','部',5400.00,150);
INSERT INTO tb_kucun VALUES('sp1019','平板电脑','ipad','广东深圳','1部/盒','盒','部',5724.00,107);
INSERT INTO tb_kucun VALUES('sp1021','惠普打印机','打印机','广东深圳','1台/盒','盒','台',377.00,102);
INSERT INTO tb_kucun VALUES('sp1029','军大衣','军大衣','北京通州','2件/包','包','件',22.00,290);
INSERT INTO tb_kucun VALUES('sp1032','黄鹤楼香烟','黄鹤楼','湖北武汉','12盒/条','条','盒',772.00,420);
INSERT INTO tb_kucun VALUES('sp1031','牦牛肉','牛肉','云南迪庆','2斤/袋','袋','斤',784.00,150);
INSERT INTO tb_kucun VALUES('sp1030','线织手套','手套','北京通州','10双/包','包','双',8.00,400);
INSERT INTO tb_kucun VALUES('sp1025','玻璃清洁剂','清洁剂','广东广州','12瓶/箱','箱','瓶',42.00,108);
INSERT INTO tb_kucun VALUES('sp1014','运动饮料','饮料','江苏宜兴','12瓶/箱','箱','瓶',8.50,780);
INSERT INTO tb_kucun VALUES('sp1016','刷墙油漆','油漆','上海静安','4桶/箱','箱','桶',87.00,25);
INSERT INTO tb_kucun VALUES('sp1020','各种茶茶叶','茶叶','安徽黄山','4袋/盒','盒','袋',134.10,100);
INSERT INTO tb_kucun VALUES('sp1011','笔记本电脑','笔记本','江苏昆山','1台/盒','盒','台',5966.00,202);
INSERT INTO tb_kucun VALUES('sp1027','美的空调','空调','广东佛山','1部/箱','箱','部',3454.00,100);
INSERT INTO tb_kucun VALUES('sp1033','红金龙香烟','红金龙','湖北武汉','12盒/条','条','盒',60.00,450);
INSERT INTO tb_kucun VALUES('sp1012','丰谷白酒','丰谷酒','四川绵阳','6瓶/箱','箱','瓶',103.00,302);
INSERT INTO tb_kucun VALUES('sp1018','实木书柜','书柜','北京昌平','2个/套','套','个',300.00,500);
INSERT INTO tb_kucun VALUES('sp1023','黑白巧克力','巧克力','江苏徐州','10条/盒','盒','条',40.00,629);
INSERT INTO tb_kucun VALUES('sp1036','肉松小贝','小贝','江苏徐州','10个/盒','盒','个',20.00,550);
INSERT INTO tb_kucun VALUES('sp1034','蜜三刀','蜜三刀','江苏徐州','8斤/箱','箱','斤',27.00,800);
INSERT INTO tb_kucun VALUES('sp1053','台灯','台灯','广东广州','4个/箱','箱','个',80.00,2460);
INSERT INTO tb_kucun VALUES('sp1066','美迪特盐汽水','盐汽水','江苏宿迁','6瓶/箱','箱','瓶',12.00,4000);
INSERT INTO tb_kucun VALUES('sp1084','炭烧腰果','腰果','安徽芜湖','6袋/箱','箱','袋',47.00,18000);
INSERT INTO tb_kucun VALUES('sp1075','巴旦木','巴旦木','浙江宁波','2斤/袋','袋','斤',42.00,502);
INSERT INTO tb_kucun VALUES('sp1074','巧克力蛋糕','巧克力蛋糕','河北邢台','1个/盒','盒','个',31.00,10001);
INSERT INTO tb_kucun VALUES('sp1082','红枣','红枣','浙江衢州','2斤/袋','袋','斤',854.00,401);
INSERT INTO tb_kucun VALUES('sp1090','鸡丝辣汤','鸡丝辣汤','安徽合肥','24碗/箱','箱','碗',20.00,4000);
INSERT INTO tb_kucun VALUES('sp1043','小孩酥','小孩酥','江苏徐州','2斤/袋','袋','斤',50.00,100000);
INSERT INTO tb_kucun VALUES('sp1028','大彩电','彩电','广东佛山','1台/箱','箱','台',4000.00,350);
INSERT INTO tb_kucun VALUES('sp10110','电子白板','电子白板','北京海淀','10个/箱','箱','个',70.00,900);
INSERT INTO tb_kucun VALUES('sp1093','南瓜玉米粥','玉米粥','黑龙江大庆','24杯/箱','箱','杯',50.00,400);
INSERT INTO tb_kucun VALUES('sp1076','开心果','开心果','浙江宁波','2斤/袋','袋','斤',73.00,165);
INSERT INTO tb_kucun VALUES('sp1061','卡通靠枕','靠枕','香港','1只/包','包','只',30.00,380);
INSERT INTO tb_kucun VALUES('sp1069','黑芝麻芝麻糊','芝麻糊','山东聊城','24罐/箱','箱','罐',20.00,1300);
INSERT INTO tb_kucun VALUES('sp1070','俄罗斯烤酸奶','烤酸奶','山东聊城','4瓶./箱','箱','瓶',50.00,4000);
INSERT INTO tb_kucun VALUES('sp1048','上好羊肉','羊肉','云南迪庆','10斤/包','包','斤',854.00,299);
INSERT INTO tb_kucun VALUES('sp1017','真皮沙发','沙发','北京昌平','6件/套','套','件',600.00,1200);
INSERT INTO tb_kucun VALUES('sp1091','各种盖浇饭半成品','盖浇饭半成品','安徽合肥','12碗/箱','箱','碗',27.00,603);
INSERT INTO tb_kucun VALUES('sp1041','微波炉','微波炉','广东佛山','1个/箱','箱','个',4300.00,800);
INSERT INTO tb_kucun VALUES('sp10102','收纳筐','收纳筐','河北衡水','10只/箱','箱','只',40.00,800);
INSERT INTO tb_kucun VALUES('sp1086','大萝卜干','萝卜干','辽宁沈阳','4袋/箱','箱','袋',50.00,600);
INSERT INTO tb_kucun VALUES('sp1089','梅干菜','梅干菜','福建漳州','4斤/袋','袋','斤',40.00,800);
INSERT INTO tb_kucun VALUES('sp10109','真空包装袋','真空包装袋','陕西西安','10套/箱','箱','套',95.00,850);
INSERT INTO tb_kucun VALUES('sp10103','激光笔','激光笔','广东广州','10支/盒','盒','支',40.00,500);
INSERT INTO tb_kucun VALUES('sp10111','考勤机','考勤机','北京海淀','10只/箱','箱','只',100.00,700);
INSERT INTO tb_kucun VALUES('sp10104','钢笔签字笔套装','笔套装','广东广州','10袋/箱','箱','袋',200.00,800);
INSERT INTO tb_kucun VALUES('sp1099','烧烤架','烧烤架','河北衡水','1架/箱','箱','架',100.00,500);
INSERT INTO tb_kucun VALUES('sp10100','收纳篮','收纳篮','河北衡水','10只/箱','箱','只',50.00,500);
INSERT INTO tb_kucun VALUES('sp1083','糯米锅巴','锅巴','安徽芜湖','10袋/箱','箱','袋',72.00,601);
INSERT INTO tb_kucun VALUES('sp1101','huawei p30 pro','p30 pro','中国','1台/盒','盒子','台',4288.00,102);
INSERT INTO tb_kucun VALUES('sp1054','卡通抱枕','抱枕','广东广州','4个/袋','袋','个',32.00,0);
INSERT INTO tb_kucun VALUES('sp1103','达利园蛋黄派','蛋黄派','江苏徐州','10袋/包','包装袋','大地集团',47.00,170);
DROP TABLE IF EXISTS tb_rkth_detail ;
CREATE TABLE tb_rkth_detail( rkthID varchar(30) not null ,spid varchar(50) not null ,dj decimal(10,2) not null ,sl int(11) not null );
INSERT INTO tb_rkth_detail VALUES('RT20050923001','sp1003',3.50,1);
INSERT INTO tb_rkth_detail VALUES('RT20050926001','sp1003',3.40,10);
INSERT INTO tb_rkth_detail VALUES('RT20051005002','sp1003',3.40,1);
INSERT INTO tb_rkth_detail VALUES('RT20051005002','sp1002',890.00,1);
INSERT INTO tb_rkth_detail VALUES('RT20071020001','sp1005',431.00,10);
INSERT INTO tb_rkth_detail VALUES('RT20071020001','sp1004',120.00,2);
INSERT INTO tb_rkth_detail VALUES('RT20071109001','sp1001',101.00,1000);
INSERT INTO tb_rkth_detail VALUES('RT20071109002','sp1005',40.00,10);
INSERT INTO tb_rkth_detail VALUES('RT20080403001','sp1002',23.00,462);
INSERT INTO tb_rkth_detail VALUES('RT20080410005','sp1002',432.00,0);
INSERT INTO tb_rkth_detail VALUES('RT20080521001','sp1007',10.00,5);
INSERT INTO tb_rkth_detail VALUES('RT20200120001','sp1004',12.00,10);
INSERT INTO tb_rkth_detail VALUES('RT20200401001','sp1074',30.00,800);
INSERT INTO tb_rkth_detail VALUES('RT20200406001','sp1008',26.00,94);
INSERT INTO tb_rkth_detail VALUES('RT20200423001','sp1007',4.00,500);
INSERT INTO tb_rkth_detail VALUES('RT20200519001','sp1048',824.00,5);
INSERT INTO tb_rkth_detail VALUES('RT20200530001','sp1013',4600.00,5);
INSERT INTO tb_rkth_detail VALUES('RT20200530001','sp1013',4600.00,70);
INSERT INTO tb_rkth_detail VALUES('RT20200531001','sp1004',75.00,10);
INSERT INTO tb_rkth_detail VALUES('RT20200531001','sp1004',50.00,500);
DROP TABLE IF EXISTS tb_rkth_main ;
CREATE TABLE tb_rkth_main( rkthID varchar(30) not null ,pzs float not null ,je decimal(10,2) not null ,ysjl varchar(50),gysname varchar(100) not null ,rtdate datetime not null ,czy varchar(30) not null ,jsr varchar(30) not null ,jsfs varchar(10) not null );
INSERT INTO tb_rkth_main VALUES('RT20050923001',1.0,3.50,'3.50','新*纪文化百货商城','2005-09-23 15:19:24','admin','wgh','现金');
INSERT INTO tb_rkth_main VALUES('RT20050926001',1.0,34.00,'0.00','振撼*琴行','2005-09-26 14:01:48','admin','wg','现金');
INSERT INTO tb_rkth_main VALUES('RT20051005001',1.0,3.40,'0.00','振撼*琴行','2005-10-05 09:09:34','admin','hj','现金');
INSERT INTO tb_rkth_main VALUES('RT20051005002',2.0,893.40,'0.00','振撼*琴行','2005-10-05 13:05:35','admin','wq','现金');
INSERT INTO tb_rkth_main VALUES('RT20071020001',2.0,4550.00,'33333','振撼*琴行','2007-10-20 09:10:49','mr','33333','现金');
INSERT INTO tb_rkth_main VALUES('RT20071109001',1.0,101000.00,'合格','振撼*琴行','2007-11-09 14:32:39','mr','00','现金');
INSERT INTO tb_rkth_main VALUES('RT20071109002',1.0,400.00,'质量有问题','振撼*琴行','2007-11-09 15:50:03','mr','11','现金');
INSERT INTO tb_rkth_main VALUES('RT20080403001',1.0,10626.00,'4444','新*纪文化百货商城','2008-04-03 15:52:16','','44','现金');
INSERT INTO tb_rkth_main VALUES('RT20080410001',1.0,432.00,'1','新*纪文化百货商城','2008-04-10 10:33:51','','1','现金');
INSERT INTO tb_rkth_main VALUES('RT20080410002',1.0,0.00,'12','新*纪文化百货商城','2008-04-10 10:37:56','tsoft','范德萨','现金');
INSERT INTO tb_rkth_main VALUES('RT20080410003',1.0,-432.00,'12','新*纪文化百货商城','2008-04-10 10:38:23','tsoft','范德萨','现金');
INSERT INTO tb_rkth_main VALUES('RT20080521001',1.0,50.00,'合格','新*纪文化百货商城','2008-05-21 14:47:37','tsoft','范德萨','现金');
INSERT INTO tb_rkth_main VALUES('RT20080410004',1.0,0.00,'12','新*纪文化百货商城','2008-04-10 10:39:13','tsoft','范德萨','现金');
INSERT INTO tb_rkth_main VALUES('RT20080410005',1.0,0.00,'12','新*纪文化百货商城','2008-04-10 10:40:31','tsoft','范德萨','现金');
DROP TABLE IF EXISTS tb_ruku_detail ;
CREATE TABLE tb_ruku_detail( rkID varchar(30) not null ,spid varchar(50) not null ,dj decimal(10,2) not null ,sl int(11) not null );
INSERT INTO tb_ruku_detail VALUES('RK20071016001','sp1004',12.00,1142);
INSERT INTO tb_ruku_detail VALUES('RK20071016001','sp1001',10.00,100);
INSERT INTO tb_ruku_detail VALUES('RK20071016002','sp1001',10.00,400);
INSERT INTO tb_ruku_detail VALUES('RK20071016003','sp1005',10.00,400);
INSERT INTO tb_ruku_detail VALUES('RK20071016003','sp1001',10.00,500);
INSERT INTO tb_ruku_detail VALUES('RK20071016004','sp1005',10.00,100);
INSERT INTO tb_ruku_detail VALUES('RK20071016004','sp1001',10.00,10);
INSERT INTO tb_ruku_detail VALUES('RK20071016005','sp1004',10.00,110);
INSERT INTO tb_ruku_detail VALUES('RK20071016005','sp1005',100.00,1000);
INSERT INTO tb_ruku_detail VALUES('RK20071016006','sp1004',321.00,432);
INSERT INTO tb_ruku_detail VALUES('RK20071016006','sp1005',432.00,3330);
INSERT INTO tb_ruku_detail VALUES('RK20071020001','sp1004',12.00,232);
INSERT INTO tb_ruku_detail VALUES('RK20071109001','sp1002',22.00,22);
INSERT INTO tb_ruku_detail VALUES('RK20071109002','sp1007',10.00,10);
INSERT INTO tb_ruku_detail VALUES('RK20071109003','sp1005',40.00,100);
INSERT INTO tb_ruku_detail VALUES('RK20071112001','sp1008',10.00,1000);
INSERT INTO tb_ruku_detail VALUES('RK20080403001','sp1002',43.00,32);
INSERT INTO tb_ruku_detail VALUES('RK20080403002','sp1002',23.00,430);
INSERT INTO tb_ruku_detail VALUES('RK20080410007','sp1003',3.00,2);
INSERT INTO tb_ruku_detail VALUES('RK20080410008','sp1002',432.00,432);
INSERT INTO tb_ruku_detail VALUES('RK20080410009','sp1003',0.00,0);
INSERT INTO tb_ruku_detail VALUES('RK20080521001','sp1007',10.00,10);
INSERT INTO tb_ruku_detail VALUES('RK20100209001','sp1009',1.00,100);
INSERT INTO tb_ruku_detail VALUES('RK20080410009','sp1007',0.00,0);
INSERT INTO tb_ruku_detail VALUES('RK20160704001','sp1008',20.00,0);
INSERT INTO tb_ruku_detail VALUES('RK20160704001','sp1008',2.00,0);
INSERT INTO tb_ruku_detail VALUES('RK20160704002','sp1010',20.00,3);
INSERT INTO tb_ruku_detail VALUES('RK20160714001','sp1002',50.00,60);
INSERT INTO tb_ruku_detail VALUES('RK20161018001','sp1008',23.00,100);
INSERT INTO tb_ruku_detail VALUES('RK20200116001','sp1004',12.00,0);
INSERT INTO tb_ruku_detail VALUES('RK20200116002','sp1013',4200.00,0);
INSERT INTO tb_ruku_detail VALUES('RK20200116002','sp1019',3560.00,0);
INSERT INTO tb_ruku_detail VALUES('RK20200116003','sp1013',4300.00,50);
INSERT INTO tb_ruku_detail VALUES('RK20200116003','sp1021',320.00,20);
INSERT INTO tb_ruku_detail VALUES('RK20200117001','sp1029',50.00,100);
INSERT INTO tb_ruku_detail VALUES('RK20200117002','sp1032',260.00,500);
INSERT INTO tb_ruku_detail VALUES('RK20200118001','sp1031',80.00,80);
INSERT INTO tb_ruku_detail VALUES('RK20200118002','sp1030',12.00,1200);
INSERT INTO tb_ruku_detail VALUES('RK20200118003','sp1025',40.00,0);
INSERT INTO tb_ruku_detail VALUES('RK20200119001','sp1014',10.00,800);
INSERT INTO tb_ruku_detail VALUES('RK20200119002','sp1016',80.00,80);
INSERT INTO tb_ruku_detail VALUES('RK20200120001','sp1020',120.00,80);
INSERT INTO tb_ruku_detail VALUES('RK20200120002','sp1011',6000.00,200);
INSERT INTO tb_ruku_detail VALUES('RK20200120003','sp1027',3000.00,80);
INSERT INTO tb_ruku_detail VALUES('RK20200120004','sp1033',40.00,500);
INSERT INTO tb_ruku_detail VALUES('RK20200120005','sp1012',90.00,500);
INSERT INTO tb_ruku_detail VALUES('RK20200120006','sp1018',420.00,520);
INSERT INTO tb_ruku_detail VALUES('RK20200120007','sp1023',30.00,80);
INSERT INTO tb_ruku_detail VALUES('RK20200123001','sp1036',20.00,0);
INSERT INTO tb_ruku_detail VALUES('RK20200127001','sp1034',50.00,0);
INSERT INTO tb_ruku_detail VALUES('RK20200130001','sp1053',40.00,500);
INSERT INTO tb_ruku_detail VALUES('RK20200130002','sp1066',12.00,6000);
INSERT INTO tb_ruku_detail VALUES('RK20200131001','sp1084',30.00,9000);
INSERT INTO tb_ruku_detail VALUES('RK20200201001','sp1075',40.00,800);
INSERT INTO tb_ruku_detail VALUES('RK20200205001','sp1074',10.00,10000);
INSERT INTO tb_ruku_detail VALUES('RK20200207001','sp1053',80.00,2000);
INSERT INTO tb_ruku_detail VALUES('RK20200215001','sp1082',800.00,0);
INSERT INTO tb_ruku_detail VALUES('RK20200221001','sp1018',300.00,0);
INSERT INTO tb_ruku_detail VALUES('RK20200223001','sp1090',20.00,6000);
INSERT INTO tb_ruku_detail VALUES('RK20200223002','sp1034',30.00,800);
INSERT INTO tb_ruku_detail VALUES('RK20200223002','sp1043',50.00,1000);
INSERT INTO tb_ruku_detail VALUES('RK20200224001','sp1028',4000.00,700);
INSERT INTO tb_ruku_detail VALUES('RK20200228001','sp1084',50.00,10000);
INSERT INTO tb_ruku_detail VALUES('RK20200301001','sp10110',70.00,900);
INSERT INTO tb_ruku_detail VALUES('RK20200302001','sp1093',40.00,800);
INSERT INTO tb_ruku_detail VALUES('RK20200306001','sp1076',80.00,100);
INSERT INTO tb_ruku_detail VALUES('RK20200309001','sp1061',30.00,500);
INSERT INTO tb_ruku_detail VALUES('RK20200316001','sp1074',30.00,800);
INSERT INTO tb_ruku_detail VALUES('RK20200316002','sp1069',50.00,900);
INSERT INTO tb_ruku_detail VALUES('RK20200316002','sp1070',50.00,4000);
INSERT INTO tb_ruku_detail VALUES('RK20200401001','sp1048',60.00,0);
INSERT INTO tb_ruku_detail VALUES('RK20200401002','sp1032',900.00,0);
INSERT INTO tb_ruku_detail VALUES('RK20200401003','sp1017',500.00,1000);
INSERT INTO tb_ruku_detail VALUES('RK20200401004','sp1017',600.00,500);
INSERT INTO tb_ruku_detail VALUES('RK20200401005','sp1012',100.00,20);
INSERT INTO tb_ruku_detail VALUES('RK20200403001','sp1091',40.00,800);
INSERT INTO tb_ruku_detail VALUES('RK20200403002','sp1041',4300.00,800);
INSERT INTO tb_ruku_detail VALUES('RK20200403003','sp1003',50.00,400);
INSERT INTO tb_ruku_detail VALUES('RK20200404001','sp10102',40.00,800);
INSERT INTO tb_ruku_detail VALUES('RK20200404002','sp1086',50.00,600);
INSERT INTO tb_ruku_detail VALUES('RK20200405001','sp1089',40.00,800);
INSERT INTO tb_ruku_detail VALUES('RK20200405002','sp1007',4.00,10000);
INSERT INTO tb_ruku_detail VALUES('RK20200405003','sp1003',120.00,120);
INSERT INTO tb_ruku_detail VALUES('RK20200405004','sp10109',95.00,850);
INSERT INTO tb_ruku_detail VALUES('RK20200405005','sp10103',40.00,500);
INSERT INTO tb_ruku_detail VALUES('RK20200405006','sp1004',80.00,210);
INSERT INTO tb_ruku_detail VALUES('RK20200405007','sp1069',20.00,450);
INSERT INTO tb_ruku_detail VALUES('RK20200405008','sp1043',50.00,200000);
INSERT INTO tb_ruku_detail VALUES('RK20200406001','sp10111',80.00,700);
INSERT INTO tb_ruku_detail VALUES('RK20200406002','sp1093',40.00,500);
INSERT INTO tb_ruku_detail VALUES('RK20200406003','sp10104',20.00,800);
INSERT INTO tb_ruku_detail VALUES('RK20200406004','sp1099',80.00,500);
INSERT INTO tb_ruku_detail VALUES('RK20200406005','sp10100',40.00,500);
INSERT INTO tb_ruku_detail VALUES('RK20200408001','sp1093',50.00,200);
INSERT INTO tb_ruku_detail VALUES('RK20200409001','sp1083',90.00,800);
INSERT INTO tb_ruku_detail VALUES('RK20200411001','sp1013',4500.00,65);
INSERT INTO tb_ruku_detail VALUES('RK20200418001','sp1048',910.00,300);
INSERT INTO tb_ruku_detail VALUES('RK20200418002','sp1036',30.00,500);
INSERT INTO tb_ruku_detail VALUES('RK20200418003','sp1002',300.00,150);
INSERT INTO tb_ruku_detail VALUES('RK20200419001','sp1019',5600.00,50);
INSERT INTO tb_ruku_detail VALUES('RK20200419002','sp1030',20.00,500);
INSERT INTO tb_ruku_detail VALUES('RK20200420001','sp1025',50.00,200);
INSERT INTO tb_ruku_detail VALUES('RK20200420002','sp1023',40.00,720);
INSERT INTO tb_ruku_detail VALUES('RK20200422001','sp1031',90.00,40);
INSERT INTO tb_ruku_detail VALUES('RK20200422002','sp1019',5800.00,10);
INSERT INTO tb_ruku_detail VALUES('RK20200423001','sp1029',30.00,270);
INSERT INTO tb_ruku_detail VALUES('RK20200423002','sp1002',150.00,500);
INSERT INTO tb_ruku_detail VALUES('RK20200423003','sp1013',4500.00,100);
INSERT INTO tb_ruku_detail VALUES('RK20200424001','sp1020',140.00,30);
INSERT INTO tb_ruku_detail VALUES('RK20200424002','sp1021',340.00,20);
INSERT INTO tb_ruku_detail VALUES('RK20200424003','sp1023',0.00,0);
INSERT INTO tb_ruku_detail VALUES('RK20200424004','sp1036',20.00,50);
INSERT INTO tb_ruku_detail VALUES('RK20200425001','sp1013',4455.00,20);
INSERT INTO tb_ruku_detail VALUES('RK20200425002','sp1031',120.00,50);
INSERT INTO tb_ruku_detail VALUES('RK20200426001','sp1032',854.00,200);
INSERT INTO tb_ruku_detail VALUES('RK20200426002','sp1025',50.00,1);
INSERT INTO tb_ruku_detail VALUES('RK20200427001','sp1014',8.50,200);
INSERT INTO tb_ruku_detail VALUES('RK20200428001','sp1011',5966.00,2);
INSERT INTO tb_ruku_detail VALUES('RK20200428002','sp1076',81.00,50);
INSERT INTO tb_ruku_detail VALUES('RK20200429001','sp1012',103.00,2);
INSERT INTO tb_ruku_detail VALUES('RK20200429002','sp1004',75.00,1);
INSERT INTO tb_ruku_detail VALUES('RK20200429003','sp1027',3400.00,20);
INSERT INTO tb_ruku_detail VALUES('RK20200429004','sp1101',4288.00,100);
INSERT INTO tb_ruku_detail VALUES('RK20200429005','sp1023',40.00,2);
INSERT INTO tb_ruku_detail VALUES('RK20200430001','sp1076',73.00,15);
INSERT INTO tb_ruku_detail VALUES('RK20200430002','sp1082',854.00,1);
INSERT INTO tb_ruku_detail VALUES('RK20200430003','sp1031',784.00,4);
INSERT INTO tb_ruku_detail VALUES('RK20200430004','sp1019',5642.00,20);
INSERT INTO tb_ruku_detail VALUES('RK20200430005','sp1021',374.00,30);
INSERT INTO tb_ruku_detail VALUES('RK20200501001','sp1027',3454.00,50);
INSERT INTO tb_ruku_detail VALUES('RK20200501002','sp1054',32.00,2);
INSERT INTO tb_ruku_detail VALUES('RK20200501002','sp1074',31.00,1);
INSERT INTO tb_ruku_detail VALUES('RK20200502001','sp1048',807.00,1);
INSERT INTO tb_ruku_detail VALUES('RK20200502002','sp1004',74.00,2);
INSERT INTO tb_ruku_detail VALUES('RK20200502003','sp1007',5.00,1);
INSERT INTO tb_ruku_detail VALUES('RK20200510001','sp1016',87.00,5);
INSERT INTO tb_ruku_detail VALUES('RK20200512001','sp1091',27.00,3);
INSERT INTO tb_ruku_detail VALUES('RK20200512002','sp1103',47.00,200);
INSERT INTO tb_ruku_detail VALUES('RK20200513001','sp1003',78.00,1);
INSERT INTO tb_ruku_detail VALUES('RK20200513002','sp1083',72.00,1);
INSERT INTO tb_ruku_detail VALUES('RK20200514001','sp1019',5724.00,67);
INSERT INTO tb_ruku_detail VALUES('RK20200514002','sp1021',377.00,52);
INSERT INTO tb_ruku_detail VALUES('RK20200515001','sp1075',42.00,2);
INSERT INTO tb_ruku_detail VALUES('RK20200517001','sp1029',28.00,10);
INSERT INTO tb_ruku_detail VALUES('RK20200519001','sp1048',824.00,5);
INSERT INTO tb_ruku_detail VALUES('RK20200522001','sp1032',732.00,20);
INSERT INTO tb_ruku_detail VALUES('RK20200530001','sp1013',4600.00,5);
INSERT INTO tb_ruku_detail VALUES('RK20200530002','sp1003',40.00,50);
INSERT INTO tb_ruku_detail VALUES('RK20200531001','sp1013',5400.00,25);
INSERT INTO tb_ruku_detail VALUES('RK20200531002','sp1003',41.00,10);
INSERT INTO tb_ruku_detail VALUES('RK20200531003','sp1004',75.00,10);
INSERT INTO tb_ruku_detail VALUES('RK20200531004','sp1004',40.00,10);
DROP TABLE IF EXISTS tb_ruku_main ;
CREATE TABLE tb_ruku_main( rkID varchar(30) not null ,pzs int(11) not null ,je decimal(10,2) not null ,ysjl varchar(50) not null ,gysname varchar(100) not null ,rkdate datetime not null ,czy varchar(30) not null ,jsr varchar(30) not null ,jsfs varchar(10) not null );
INSERT INTO tb_ruku_main VALUES('RK20071016001',2,14704.00,'合格','振撼*琴行','2007-10-16 10:32:26','测试人员','某人','现金');
INSERT INTO tb_ruku_main VALUES('RK20071016002',1,4000.00,'合格','振撼*琴行','2007-10-16 10:39:28','测试人员','小小','现金');
INSERT INTO tb_ruku_main VALUES('RK20071016003',2,9000.00,'合格','振撼*琴行','2007-10-16 10:40:00','测试人员','小小','现金');
INSERT INTO tb_ruku_main VALUES('RK20071016004',2,1100.00,'1111','振撼*琴行','2007-10-16 10:42:18','测试人员','1111','现金');
INSERT INTO tb_ruku_main VALUES('RK20071016005',2,101100.00,'fdsa','振撼*琴行','2007-10-16 10:45:14','测试人员','fds','现金');
INSERT INTO tb_ruku_main VALUES('RK20071016006',2,1577232.00,'fdsa','振撼*琴行','2007-10-16 10:45:31','测试人员','fds','现金');
INSERT INTO tb_ruku_main VALUES('RK20071020001',1,2784.00,'fff','振撼*琴行','2007-10-20 09:04:36','mr','lzw','现金');
INSERT INTO tb_ruku_main VALUES('RK20071109001',1,484.00,'合格','新*纪文化百货商城','2007-11-09 14:27:56','mr','玲子','现金');
INSERT INTO tb_ruku_main VALUES('RK20071109002',1,100.00,'合格','新*纪文化百货商城','2007-11-09 14:28:24','mr','玲子','现金');
INSERT INTO tb_ruku_main VALUES('RK20071109003',1,4000.00,'合格','振撼*琴行','2007-11-09 15:49:32','mr','小百','现金');
INSERT INTO tb_ruku_main VALUES('RK20071112001',1,10000.00,'010','吉林省明日*业有限公司','2007-11-12 10:47:31','mr','11','现金');
INSERT INTO tb_ruku_main VALUES('RK20080403001',1,1376.00,'ds','新*纪文化百货商城','2008-04-03 00:00:00','null','ggf','现金结款');
INSERT INTO tb_ruku_main VALUES('RK20080403002',1,9890.00,'ftf','新*纪文化百货商城','2008-04-03 00:00:00','小陈','33','现金结款');
INSERT INTO tb_ruku_main VALUES('RK20080410001',1,0.00,'23','新*纪文化百货商城','2008-04-10 00:00:00','范德萨','范德萨','现金结款');
INSERT INTO tb_ruku_main VALUES('RK20080410002',1,0.00,'543','新*纪文化百货商城','2008-04-10 00:00:00','范德萨','范德萨','现金结款');
INSERT INTO tb_ruku_main VALUES('RK20080410003',1,8.00,'111','新*纪文化百货商城','2008-04-10 00:00:00','范德萨','范德萨','现金结款');
INSERT INTO tb_ruku_main VALUES('RK20080410004',1,2795.00,'432','新*纪文化百货商城','2008-04-10 00:00:00','范德萨','范德萨','现金结款');
INSERT INTO tb_ruku_main VALUES('RK20080410007',1,6.00,'2321','新*纪文化百货商城','2008-04-10 00:00:00','范德萨','范德萨','现金结款');
INSERT INTO tb_ruku_main VALUES('RK20080410008',1,186624.00,'32','新*纪文化百货商城','2008-04-10 00:00:00','范德萨','范德萨','现金结款');
INSERT INTO tb_ruku_main VALUES('RK20080521001',1,100.00,'合格','新*纪文化百货商城','2008-05-21 00:00:00','范德萨','范德萨','现金结款');
INSERT INTO tb_ruku_main VALUES('RK20100209001',1,100.00,'10','笔*有限公司','2010-02-09 00:00:00','liuxin','liuxin','现金结款');
INSERT INTO tb_ruku_main VALUES('RK20080410005',1,0.00,'g','新*纪文化百货商城','2008-04-10 00:00:00','范德萨','范德萨','现金结款');
INSERT INTO tb_ruku_main VALUES('RK20080410006',1,736.00,'111','新*纪文化百货商城','2008-04-10 00:00:00','范德萨','范德萨','现金结款');
INSERT INTO tb_ruku_main VALUES('RK20080410009',2,0.00,'22','新*纪文化百货商城','2008-04-10 00:00:00','范德萨','范德萨','现金结款');
INSERT INTO tb_ruku_main VALUES('RK20160704001',2,0.00,'正常','吉林省明日*业有限公司','2016-07-04 00:00:00','liuxin','liuxin','现金结款');
INSERT INTO tb_ruku_main VALUES('RK20160704002',1,60.00,'买了','吉林省明日*业有限公司','2016-07-04 00:00:00','liuxin','liuxin','现金结款');
INSERT INTO tb_ruku_main VALUES('RK20160714001',1,3000.00,'县城','新*纪文化百货商城','2016-07-14 00:00:00','liuxin','liuxin','现金结款');
INSERT INTO tb_ruku_main VALUES('RK20161018001',1,2300.00,'合格','***供应商公司','2016-10-18 00:00:00','liuxin','liuxin','现金结款');
INSERT INTO tb_ruku_main VALUES('RK20200116001',1,0.00,'很好吃，合格。','江苏徐州沛县饼干厂','2020-01-16 00:00:00','liuxin','liuxin','现金结款');
INSERT INTO tb_ruku_main VALUES('RK20200116002',2,0.00,'同意进货','广东深圳龙岗基地','2020-01-16 00:00:00','liuxin','liuxin','现金结款');
INSERT INTO tb_ruku_main VALUES('RK20200116003',2,221400.00,'同意入库','广东深圳龙岗基地','2020-01-16 00:00:00','liuxin','liuxin','现金结款');
INSERT INTO tb_ruku_main VALUES('RK20200117001',1,5000.00,'同意','鑫隆百货服装批发市场','2020-01-17 00:00:00','liuxin','liuxin','现金结款');
INSERT INTO tb_ruku_main VALUES('RK20200117002',1,130000.00,'同意','湖北中烟工业有限责任公司','2020-01-17 00:00:00','liuxin','liuxin','现金结款');
INSERT INTO tb_ruku_main VALUES('RK20200118001',1,6400.00,'同意入库','香格里拉特产市场','2020-01-18 00:00:00','liuxin','liuxin','现金结款');
INSERT INTO tb_ruku_main VALUES('RK20200118002',1,14400.00,'同意入库','鑫隆百货服装批发市场','2020-01-18 00:00:00','liuxin','liuxin','现金结款');
INSERT INTO tb_ruku_main VALUES('RK20200118003',1,0.00,'同意进库','安利中国日用品有限公司','2020-01-18 00:00:00','liuxin','liuxin','现金结款');
INSERT INTO tb_ruku_main VALUES('RK20200119001',1,8000.00,'同意入库','江苏宜兴红牛产地','2020-01-19 00:00:00','liuxin','liuxin','现金结款');
INSERT INTO tb_ruku_main VALUES('RK20200119002',1,6400.00,'同意入库','上海静安装饰城','2020-01-19 00:00:00','liuxin','liuxin','现金结款');
INSERT INTO tb_ruku_main VALUES('RK20200120001',1,9600.00,'同意入库','安徽黄山毛峰茶厂','2020-01-20 00:00:00','liuxin','liuxin','现金结款');
INSERT INTO tb_ruku_main VALUES('RK20200120002',1,1200000.00,'同意入库','江苏昆山商品实验基地','2020-01-20 00:00:00','liuxin','liuxin','现金结款');
INSERT INTO tb_ruku_main VALUES('RK20200120003',1,240000.00,'同意入库','广东美的生活电器制造有限公司','2020-01-20 00:00:00','liuxin','liuxin','现金结款');
INSERT INTO tb_ruku_main VALUES('RK20200120004',1,20000.00,'同意入库','湖北中烟工业有限责任公司','2020-01-20 00:00:00','liuxin','liuxin','现金结款');
INSERT INTO tb_ruku_main VALUES('RK20200120005',1,45000.00,'同意入库','四川绵阳丰谷酒业','2020-01-20 00:00:00','liuxin','liuxin','现金结款');
INSERT INTO tb_ruku_main VALUES('RK20200120006',1,218400.00,'可以入库','北京昌平大家居城','2020-01-20 00:00:00','liuxin','liuxin','现金结款');
INSERT INTO tb_ruku_main VALUES('RK20200120007',1,2400.00,'可以入库','江苏徐州沛县饼干厂','2020-01-20 00:00:00','liuxin','liuxin','现金结款');
INSERT INTO tb_ruku_main VALUES('RK20200123001',1,0.00,'入库','江苏徐州沛县饼干厂','2020-01-23 00:00:00','liuxin','liuxin','现金结款');
INSERT INTO tb_ruku_main VALUES('RK20200127001',1,0.00,'可以入库','江苏徐州沛县饼干厂','2020-01-27 00:00:00','liuxin','liuxin','现金结款');
INSERT INTO tb_ruku_main VALUES('RK20200130001',1,20000.00,'可以入库','广州尼米优选创意家居有限公司','2020-01-30 00:00:00','liuxin','liuxin','现金结款');
INSERT INTO tb_ruku_main VALUES('RK20200130002',1,72000.00,'可以入库','江苏新美源食品有限公司','2020-01-30 00:00:00','liuxin','liuxin','现金结款');
INSERT INTO tb_ruku_main VALUES('RK20200131001',1,270000.00,'可以入库','三只松鼠股份有限公司','2020-01-31 00:00:00','liuxin','liuxin','现金结款');
INSERT INTO tb_ruku_main VALUES('RK20200201001',1,32000.00,'可以入库','宁波农谣食品有限公司','2020-02-01 00:00:00','liuxin','liuxin','现金结款');
INSERT INTO tb_ruku_main VALUES('RK20200205001',1,100000.00,'可以入库','宁晋县西麦诺食品厂','2020-02-05 00:00:00','liuxin','liuxin','现金结款');
INSERT INTO tb_ruku_main VALUES('RK20200207001',1,160000.00,'可以进货','广州尼米优选创意家居有限公司','2020-02-07 00:00:00','liuxin','liuxin','现金结款');
INSERT INTO tb_ruku_main VALUES('RK20200215001',1,0.00,'可以入库','江山市金味农产品有限公司','2020-02-15 00:00:00','liuxin','liuxin','现金结款');
INSERT INTO tb_ruku_main VALUES('RK20200221001',1,0.00,'可以入库','北京昌平大家居城','2020-02-21 00:00:00','liuxin','liuxin','现金结款');
INSERT INTO tb_ruku_main VALUES('RK20200223001',1,120000.00,'可以入库','合肥杠岗香食品有限公司','2020-02-23 00:00:00','liuxin','liuxin','现金结款');
INSERT INTO tb_ruku_main VALUES('RK20200223002',2,74000.00,'可以入库','江苏徐州沛县饼干厂','2020-02-23 00:00:00','liuxin','liuxin','现金结款');
INSERT INTO tb_ruku_main VALUES('RK20200224001',1,2800000.00,'ok','广东美的生活电器制造有限公司','2020-02-24 00:00:00','liuxin','liuxin','现金结款');
INSERT INTO tb_ruku_main VALUES('RK20200228001',1,500000.00,'OK','三只松鼠股份有限公司','2020-02-28 00:00:00','liuxin','liuxin','现金结款');
INSERT INTO tb_ruku_main VALUES('RK20200301001',1,63000.00,'合格','北京汉王精锐科技有限公司','2020-03-01 00:00:00','liuxin','liuxin','现金结款');
INSERT INTO tb_ruku_main VALUES('RK20200302001',1,32000.00,'合格','大庆市周家庄食品有限公司','2020-03-02 00:00:00','liuxin','liuxin','现金结款');
INSERT INTO tb_ruku_main VALUES('RK20200306001',1,8000.00,'可以入库','宁波农谣食品有限公司','2020-03-06 00:00:00','liuxin','liuxin','现金结款');
INSERT INTO tb_ruku_main VALUES('RK20200309001',1,15000.00,'OK','香港优尚国际集团有限公司','2020-03-09 00:00:00','liuxin','liuxin','现金结款');
INSERT INTO tb_ruku_main VALUES('RK20200316001',1,24000.00,'合格','宁晋县西麦诺食品厂','2020-03-16 00:00:00','liuxin','liuxin','现金结款');
INSERT INTO tb_ruku_main VALUES('RK20200316002',2,245000.00,'合格','山东冠县尊仕食品有限公司','2020-03-16 00:00:00','liuxin','liuxin','现金结款');
INSERT INTO tb_ruku_main VALUES('RK20200401001',1,0.00,'可以入库','香格里拉特产市场','2020-04-01 00:00:00','liuxin','liuxin','现金结款');
INSERT INTO tb_ruku_main VALUES('RK20200401002',1,0.00,'OK','湖北中烟工业有限责任公司','2020-04-01 00:00:00','liuxin','liuxin','现金结款');
INSERT INTO tb_ruku_main VALUES('RK20200401003',1,500000.00,'同意','北京昌平大家居城','2020-04-01 00:00:00','liuxin','liuxin','现金结款');
INSERT INTO tb_ruku_main VALUES('RK20200401004',1,300000.00,'可以入库','北京昌平大家居城','2020-04-01 00:00:00','liuxin','liuxin','现金结款');
INSERT INTO tb_ruku_main VALUES('RK20200401005',1,2000.00,'ok','四川绵阳丰谷酒业','2020-04-01 00:00:00','liuxin','liuxin','支票结款');
INSERT INTO tb_ruku_main VALUES('RK20200403001',1,32000.00,'可以入库','合肥杠岗香食品有限公司','2020-04-03 00:00:00','zhangkaiyuan','zhangkaiyuan','现金结款');
INSERT INTO tb_ruku_main VALUES('RK20200403002',1,3440000.00,'可以入库','广东美的生活电器制造有限公司','2020-04-03 00:00:00','liuxin','liuxin','现金结款');
INSERT INTO tb_ruku_main VALUES('RK20200403003',1,20000.00,'OK','江苏扬州百货大楼','2020-04-03 00:00:00','liuxin','liuxin','现金结款');
INSERT INTO tb_ruku_main VALUES('RK20200404001',1,32000.00,'可以入库','安平县胖三铁丝工艺制品厂','2020-04-04 00:00:00','liuxin','liuxin','现金结款');
INSERT INTO tb_ruku_main VALUES('RK20200404002',1,30000.00,'OK','沈阳张记食品有限公司','2020-04-04 00:00:00','liuxin','liuxin','现金结款');
INSERT INTO tb_ruku_main VALUES('RK20200405001',1,32000.00,'可以入库','福建立兴食品贸易有限公司','2020-04-05 00:00:00','liuxin','liuxin','现金结款');
INSERT INTO tb_ruku_main VALUES('RK20200405002',1,40000.00,'可以入库','新*纪文化百货商城','2020-04-05 00:00:00','liuxin','liuxin','现金结款');
INSERT INTO tb_ruku_main VALUES('RK20200405003',1,14400.00,'可以入库','江苏扬州百货大楼','2020-04-05 00:00:00','liuxin','liuxin','支票结款');
INSERT INTO tb_ruku_main VALUES('RK20200405004',1,80750.00,'可以入库','西安奥迅电子科技有限公司','2020-04-05 00:00:00','liuxin','liuxin','现金结款');
INSERT INTO tb_ruku_main VALUES('RK20200405005',1,20000.00,'OK','广州笔海文具有限公司','2020-04-05 00:00:00','liuxin','liuxin','现金结款');
INSERT INTO tb_ruku_main VALUES('RK20200405006',1,16800.00,'OK','江苏徐州沛县饼干厂','2020-04-05 00:00:00','liuxin','liuxin','现金结款');
INSERT INTO tb_ruku_main VALUES('RK20200405007',1,9000.00,'OK','山东冠县尊仕食品有限公司','2020-04-05 00:00:00','liuxin','liuxin','银行卡结款');
INSERT INTO tb_ruku_main VALUES('RK20200405008',1,10000000.00,'可以入库','江苏徐州沛县饼干厂','2020-04-05 00:00:00','liuxin','liuxin','支票结款');
INSERT INTO tb_ruku_main VALUES('RK20200406001',1,56000.00,'可以进货','北京汉王精锐科技有限公司','2020-04-06 00:00:00','liuxin','liuxin','现金结款');
INSERT INTO tb_ruku_main VALUES('RK20200406002',1,20000.00,'可以入库','大庆市周家庄食品有限公司','2020-04-06 00:00:00','liuxin','liuxin','现金结款');
INSERT INTO tb_ruku_main VALUES('RK20200406003',1,16000.00,'可以入库','广州笔海文具有限公司','2020-04-06 00:00:00','liuxin','liuxin','现金结款');
INSERT INTO tb_ruku_main VALUES('RK20200406004',1,40000.00,'可以入库','安平县胖三铁丝工艺制品厂','2020-04-06 00:00:00','liuxin','liuxin','现金结款');
INSERT INTO tb_ruku_main VALUES('RK20200406005',1,20000.00,'OK','安平县胖三铁丝工艺制品厂','2020-04-06 00:00:00','liuxin','liuxin','现金结款');
INSERT INTO tb_ruku_main VALUES('RK20200408001',1,10000.00,'可以入库','大庆市周家庄食品有限公司','2020-04-08 00:00:00','liuxin','liuxin','现金结款');
INSERT INTO tb_ruku_main VALUES('RK20200409001',1,72000.00,'OK','三只松鼠股份有限公司','2020-04-09 00:00:00','liuxin','liuxin','现金结款');
INSERT INTO tb_ruku_main VALUES('RK20200411001',1,292500.00,'合格入库','广东深圳龙岗基地','2020-04-11 00:00:00','liuxin','liuxin','现金结款');
INSERT INTO tb_ruku_main VALUES('RK20200418001',1,273000.00,'可以入库','香格里拉特产市场','2020-04-18 00:00:00','liuxin','liuxin','现金结款');
INSERT INTO tb_ruku_main VALUES('RK20200418002',1,15000.00,'可以入库','江苏徐州沛县饼干厂','2020-04-18 00:00:00','liuxin','liuxin','现金结款');
INSERT INTO tb_ruku_main VALUES('RK20200418003',1,45000.00,'可以入库','新*纪文化百货商城','2020-04-18 00:00:00','liuxin','liuxin','现金结款');
INSERT INTO tb_ruku_main VALUES('RK20200419001',1,280000.00,'可以入库','广东深圳龙岗基地','2020-04-19 00:00:00','liuxin','liuxin','现金结款');
INSERT INTO tb_ruku_main VALUES('RK20200419002',1,10000.00,'可以入库','鑫隆百货服装批发市场','2020-04-19 00:00:00','liuxin','liuxin','现金结款');
INSERT INTO tb_ruku_main VALUES('RK20200420001',1,10000.00,'可以入库','安利中国日用品有限公司','2020-04-20 00:00:00','liuxin','liuxin','现金结款');
INSERT INTO tb_ruku_main VALUES('RK20200420002',1,28800.00,'OK','江苏徐州沛县饼干厂','2020-04-20 00:00:00','liuxin','liuxin','现金结款');
INSERT INTO tb_ruku_main VALUES('RK20200422001',1,3600.00,'可以入库','香格里拉特产市场','2020-04-22 00:00:00','liuxin','liuxin','现金结款');
INSERT INTO tb_ruku_main VALUES('RK20200422002',1,58000.00,'审核通过','广东深圳龙岗基地','2020-04-22 00:00:00','liuxin','liuxin','现金结款');
INSERT INTO tb_ruku_main VALUES('RK20200423001',1,8100.00,'可以入库','鑫隆百货服装批发市场','2020-04-23 00:00:00','张老五','张老五','现金结款');
INSERT INTO tb_ruku_main VALUES('RK20200423002',1,75000.00,'可以进货','新世纪文化百货商城','2020-04-23 00:00:00','liuxin','liuxin','现金结款');
INSERT INTO tb_ruku_main VALUES('RK20200423003',1,450000.00,'可以入库','广东深圳龙岗基地','2020-04-23 00:00:00','liuxin','liuxin','现金结款');
INSERT INTO tb_ruku_main VALUES('RK20200424001',1,4200.00,'OK','安徽黄山毛峰茶厂','2020-04-24 00:00:00','liuxin','liuxin','现金结款');
INSERT INTO tb_ruku_main VALUES('RK20200424002',1,6800.00,'可以进货','广东深圳龙岗基地','2020-04-24 00:00:00','liuxin','liuxin','现金结款');
INSERT INTO tb_ruku_main VALUES('RK20200424003',1,0.00,'同意入库','江苏徐州沛县饼干厂','2020-04-24 00:00:00','liuxin','liuxin','现金结款');
INSERT INTO tb_ruku_main VALUES('RK20200424004',1,1000.00,'同意入库','江苏徐州沛县饼干厂','2020-04-24 00:00:00','liuxin','liuxin','现金结款');
INSERT INTO tb_ruku_main VALUES('RK20200425001',1,89100.00,'检验合格，可以入库','广东深圳龙岗基地','2020-04-25 00:00:00','liuxin','liuxin','现金结款');
INSERT INTO tb_ruku_main VALUES('RK20200425002',1,6000.00,'可以销售','香格里拉特产市场','2020-04-25 00:00:00','liuxin','liuxin','现金结款');
INSERT INTO tb_ruku_main VALUES('RK20200426001',1,170800.00,'同意进货','湖北中烟工业有限责任公司','2020-04-26 00:00:00','liuxin','liuxin','现金结款');
INSERT INTO tb_ruku_main VALUES('RK20200426002',1,50.00,'可以入库','安利中国日用品有限公司','2020-04-26 00:00:00','liuxin','liuxin','现金结款');
INSERT INTO tb_ruku_main VALUES('RK20200427001',1,1700.00,'同意入库','江苏宜兴红牛产地','2020-04-27 00:00:00','liuxin','liuxin','现金结款');
INSERT INTO tb_ruku_main VALUES('RK20200428001',1,11932.00,'可以进货','江苏昆山商品实验基地','2020-04-28 00:00:00','liuxin','liuxin','现金结款');
INSERT INTO tb_ruku_main VALUES('RK20200428002',1,4050.00,'可以入库','宁波农谣食品有限公司','2020-04-28 00:00:00','liuxin','liuxin','现金结款');
INSERT INTO tb_ruku_main VALUES('RK20200429001',1,206.00,'可以进货','四川绵阳丰谷酒业','2020-04-29 00:00:00','liuxin','liuxin','现金结款');
INSERT INTO tb_ruku_main VALUES('RK20200429002',1,75.00,'可以进货','江苏徐州沛县饼干厂','2020-04-29 00:00:00','liuxin','liuxin','现金结款');
INSERT INTO tb_ruku_main VALUES('RK20200429003',1,68000.00,'可以入库','广东美的生活电器制造有限公司','2020-04-29 00:00:00','liuxin','liuxin','现金结款');
INSERT INTO tb_ruku_main VALUES('RK20200429004',1,428800.00,'keyi','广东深圳龙岗基地','2020-04-29 00:00:00','liuxin','liuxin','现金结款');
INSERT INTO tb_ruku_main VALUES('RK20200429005',1,80.00,'可以进货','江苏徐州沛县饼干厂','2020-04-29 00:00:00','liuxin','liuxin','现金结款');
INSERT INTO tb_ruku_main VALUES('RK20200430001',1,1095.00,'可以jin','宁波农谣食品有限公司','2020-04-30 00:00:00','liuxin','liuxin','现金结款');
INSERT INTO tb_ruku_main VALUES('RK20200430002',1,854.00,'可以进货','江山市金味农产品有限公司','2020-04-30 00:00:00','liuxin','liuxin','现金结款');
INSERT INTO tb_ruku_main VALUES('RK20200430003',1,3136.00,'可以进货','香格里拉特产市场','2020-04-30 00:00:00','liuxin','liuxin','现金结款');
INSERT INTO tb_ruku_main VALUES('RK20200430004',1,112840.00,'可以进货','广东深圳龙岗基地','2020-04-30 00:00:00','liuxin','liuxin','现金结款');
INSERT INTO tb_ruku_main VALUES('RK20200430005',1,11220.00,'OK','广东深圳龙岗基地','2020-04-30 00:00:00','liuxin','liuxin','现金结款');
INSERT INTO tb_ruku_main VALUES('RK20200501001',1,172700.00,'可以进货','广东美的生活电器制造有限公司','2020-05-01 00:00:00','liuxin','liuxin','现金结款');
INSERT INTO tb_ruku_main VALUES('RK20200501002',2,95.00,'keyi','宁晋县西麦诺食品厂','2020-05-01 00:00:00','zhangkaiyuan','zhangkaiyuan','现金结款');
INSERT INTO tb_ruku_main VALUES('RK20200502001',1,807.00,'可以jinhuo','香格里拉特产市场','2020-05-02 00:00:00','张老五','张老五','现金结款');
INSERT INTO tb_ruku_main VALUES('RK20200502002',1,148.00,'可以入库','江苏徐州沛县饼干厂','2020-05-02 00:00:00','liuxin','liuxin','现金结款');
INSERT INTO tb_ruku_main VALUES('RK20200502003',1,5.00,'可以进货','新世纪文化百货商城','2020-05-02 00:00:00','liuxin','liuxin','现金结款');
INSERT INTO tb_ruku_main VALUES('RK20200510001',1,435.00,'OK','上海静安装饰城','2020-05-10 00:00:00','liuxin','liuxin','现金结款');
INSERT INTO tb_ruku_main VALUES('RK20200512001',1,81.00,'OK','合肥杠岗香食品有限公司','2020-05-12 00:00:00','liuxin','liuxin','现金结款');
INSERT INTO tb_ruku_main VALUES('RK20200512002',1,9400.00,'可以进货','徐州大地集团','2020-05-12 00:00:00','liuxin','liuxin','现金结款');
INSERT INTO tb_ruku_main VALUES('RK20200513001',1,78.00,'可以进货','江苏扬州百货大楼','2020-05-13 00:00:00','liuxin','liuxin','现金结款');
INSERT INTO tb_ruku_main VALUES('RK20200513002',1,72.00,'keyi','三只松鼠股份有限公司','2020-05-13 00:00:00','liuxin','liuxin','现金结款');
INSERT INTO tb_ruku_main VALUES('RK20200514001',1,383508.00,'可以进货','广东深圳龙岗基地','2020-05-14 00:00:00','liuxin','liuxin','现金结款');
INSERT INTO tb_ruku_main VALUES('RK20200514002',1,19604.00,'OK','广东深圳龙岗基地','2020-05-14 00:00:00','zhangkaiyuan','zhangkaiyuan','现金结款');
INSERT INTO tb_ruku_main VALUES('RK20200515001',1,84.00,'可以进货','宁波农谣食品有限公司','2020-05-15 00:00:00','liuxin','liuxin','现金结款');
INSERT INTO tb_ruku_main VALUES('RK20200517001',1,280.00,'ok','鑫隆百货服装批发市场','2020-05-17 00:00:00','liuxin','liuxin','现金结款');
INSERT INTO tb_ruku_main VALUES('RK20200519001',1,4120.00,'可以就','香格里拉特产市场','2020-05-19 00:00:00','王小姐','王小姐','现金结款');
INSERT INTO tb_ruku_main VALUES('RK20200522001',1,14640.00,'可以','湖北中烟工业有限责任公司','2020-05-22 00:00:00','liuxin','liuxin','现金结款');
INSERT INTO tb_ruku_main VALUES('RK20200530001',1,23000.00,'可以进货','广东深圳龙岗基地','2020-05-30 00:00:00','liuxin','liuxin','现金结款');
INSERT INTO tb_ruku_main VALUES('RK20200530002',1,2000.00,'OK','江苏扬州百货大楼','2020-05-30 00:00:00','liuxin','liuxin','现金结款');
INSERT INTO tb_ruku_main VALUES('RK20200531001',1,135000.00,'OK','广东深圳龙岗基地','2020-05-31 00:00:00','liuxin','liuxin','银行卡结款');
INSERT INTO tb_ruku_main VALUES('RK20200531002',1,410.00,'ok','江苏扬州百货大楼','2020-05-31 00:00:00','liuxin','liuxin','现金结款');
INSERT INTO tb_ruku_main VALUES('RK20200531003',1,750.00,'ok','江苏徐州沛县饼干厂','2020-05-31 00:00:00','王小姐','王小姐','支票结款');
INSERT INTO tb_ruku_main VALUES('RK20200531004',1,400.00,'OK','江苏徐州沛县饼干厂','2020-05-31 00:00:00','liuxin','liuxin','现金结款');
DROP TABLE IF EXISTS tb_sell_detail ;
CREATE TABLE tb_sell_detail( sellID varchar(30) not null ,spid varchar(50) not null ,dj decimal(10,2) not null ,sl float not null );
INSERT INTO tb_sell_detail VALUES('XS20050923001','sp1003',3.50,1.0);
INSERT INTO tb_sell_detail VALUES('XS20050923001','sp1001',789.00,1.0);
INSERT INTO tb_sell_detail VALUES('XS20050923002','sp1003',3.50,2.0);
INSERT INTO tb_sell_detail VALUES('XS20050926001','sp1005',10.00,1.0);
INSERT INTO tb_sell_detail VALUES('XS20051004001','sp1005',8.70,2.0);
INSERT INTO tb_sell_detail VALUES('XS20050104001','sp1002',890.00,1.0);
INSERT INTO tb_sell_detail VALUES('XS20050104002','sp1002',890.00,1.0);
INSERT INTO tb_sell_detail VALUES('XS20050120001','sp1002',890.00,1.0);
INSERT INTO tb_sell_detail VALUES('XS20050220001','sp1002',890.00,1.0);
INSERT INTO tb_sell_detail VALUES('XS20051004002','sp1002',890.00,1.0);
INSERT INTO tb_sell_detail VALUES('XS20051004003','sp1005',8.70,2.0);
INSERT INTO tb_sell_detail VALUES('XS20051004004','sp1003',3.40,4.0);
INSERT INTO tb_sell_detail VALUES('XS20050309001','sp1001',1500.00,1.0);
INSERT INTO tb_sell_detail VALUES('XS20050309002','sp1002',890.00,1.0);
INSERT INTO tb_sell_detail VALUES('XS20050309002','sp1001',1500.00,1.0);
INSERT INTO tb_sell_detail VALUES('XS20051005001','sp1001',1500.00,1.0);
INSERT INTO tb_sell_detail VALUES('XS20051005002','sp1002',890.00,1.0);
INSERT INTO tb_sell_detail VALUES('XS20051005002','sp1005',8.70,1.0);
INSERT INTO tb_sell_detail VALUES('XS20051005003','sp1003',3.40,1.0);
INSERT INTO tb_sell_detail VALUES('XS20051005004','sp1004',790.00,1.0);
INSERT INTO tb_sell_detail VALUES('XS20051005004','sp1001',1500.00,1.0);
INSERT INTO tb_sell_detail VALUES('XS20051006001','sp1003',3.40,1.0);
INSERT INTO tb_sell_detail VALUES('XS20071016001','sp1004',321.00,16.0);
INSERT INTO tb_sell_detail VALUES('XS20071017001','sp1004',321.00,1668.0);
INSERT INTO tb_sell_detail VALUES('XS20071109001','sp1007',10.00,5.0);
INSERT INTO tb_sell_detail VALUES('XS20071115001','sp1002',22.00,22.0);
INSERT INTO tb_sell_detail VALUES('XS20080410003','sp1002',432.00,0.0);
INSERT INTO tb_sell_detail VALUES('XS20080521001','sp1007',10.00,1.0);
INSERT INTO tb_sell_detail VALUES('XS20150507001','sp1009',1.00,200.0);
INSERT INTO tb_sell_detail VALUES('XS20150507002','sp1008',10.00,1.0);
INSERT INTO tb_sell_detail VALUES('XS20150507002','sp1007',10.00,1.0);
INSERT INTO tb_sell_detail VALUES('XS20150507002','sp1009',1.00,3.0);
INSERT INTO tb_sell_detail VALUES('XS20160714001','sp1007',10.00,4.0);
INSERT INTO tb_sell_detail VALUES('XS20200110001','sp1002',50.00,60.0);
INSERT INTO tb_sell_detail VALUES('XS20200116001','sp1003',5.00,30.0);
INSERT INTO tb_sell_detail VALUES('XS20200117001','sp1032',260.00,100.0);
INSERT INTO tb_sell_detail VALUES('XS20200118001','sp1029',50.00,40.0);
INSERT INTO tb_sell_detail VALUES('XS20200119001','sp1029',50.00,20.0);
INSERT INTO tb_sell_detail VALUES('XS20200120001','sp1027',3000.00,20.0);
INSERT INTO tb_sell_detail VALUES('XS20200120001','sp1030',12.00,1200.0);
INSERT INTO tb_sell_detail VALUES('XS20200120001','sp1027',3000.00,20.0);
INSERT INTO tb_sell_detail VALUES('XS20200120001','sp1032',260.00,200.0);
INSERT INTO tb_sell_detail VALUES('XS20200120001','sp1013',4300.00,20.0);
INSERT INTO tb_sell_detail VALUES('XS20200120001','sp1021',320.00,10.0);
INSERT INTO tb_sell_detail VALUES('XS20200120001','sp1016',80.00,50.0);
INSERT INTO tb_sell_detail VALUES('XS20200120001','sp1033',40.00,50.0);
INSERT INTO tb_sell_detail VALUES('XS20200120001','sp1012',90.00,70.0);
INSERT INTO tb_sell_detail VALUES('XS20200120001','sp1014',10.00,200.0);
INSERT INTO tb_sell_detail VALUES('XS20200120001','sp1027',3000.00,10.0);
INSERT INTO tb_sell_detail VALUES('XS20200120001','sp1013',4300.00,10.0);
INSERT INTO tb_sell_detail VALUES('XS20200120001','sp1031',80.00,20.0);
INSERT INTO tb_sell_detail VALUES('XS20200120001','sp1016',80.00,10.0);
INSERT INTO tb_sell_detail VALUES('XS20200121001','sp1020',120.00,10.0);
INSERT INTO tb_sell_detail VALUES('XS20200121001','sp1010',20.00,1.0);
INSERT INTO tb_sell_detail VALUES('XS20200121001','sp1013',4300.00,5.0);
INSERT INTO tb_sell_detail VALUES('XS20200121001','sp1008',23.00,5.0);
INSERT INTO tb_sell_detail VALUES('XS20200201001','sp1084',30.00,500.0);
INSERT INTO tb_sell_detail VALUES('XS20200205001','sp1053',80.00,40.0);
INSERT INTO tb_sell_detail VALUES('XS20200221001','sp1066',12.00,2000.0);
INSERT INTO tb_sell_detail VALUES('XS20200228001','sp1075',40.00,300.0);
INSERT INTO tb_sell_detail VALUES('XS20200401001','sp1093',80.00,1000.0);
INSERT INTO tb_sell_detail VALUES('XS20200401001','sp1028',4200.00,300.0);
INSERT INTO tb_sell_detail VALUES('XS20200401001','sp1043',65.00,101000.0);
INSERT INTO tb_sell_detail VALUES('XS20200401001','sp1012',180.00,50.0);
INSERT INTO tb_sell_detail VALUES('XS20200403001','sp1061',40.00,120.0);
INSERT INTO tb_sell_detail VALUES('XS20200403001','sp1028',4600.00,50.0);
INSERT INTO tb_sell_detail VALUES('XS20200403001','sp1029',70.00,10.0);
INSERT INTO tb_sell_detail VALUES('XS20200403001','sp1003',80.00,76.0);
INSERT INTO tb_sell_detail VALUES('XS20200405001','sp1012',410.00,20.0);
INSERT INTO tb_sell_detail VALUES('XS20200405001','sp1010',18000000.00,1.0);
INSERT INTO tb_sell_detail VALUES('XS20200405001','sp1007',6.00,500.0);
INSERT INTO tb_sell_detail VALUES('XS20200405001','sp1003',150.00,100.0);
INSERT INTO tb_sell_detail VALUES('XS20200405001','sp1005',50.00,400.0);
INSERT INTO tb_sell_detail VALUES('XS20200405001','sp1084',60.00,500.0);
INSERT INTO tb_sell_detail VALUES('XS20200405001','sp1012',150.00,80.0);
INSERT INTO tb_sell_detail VALUES('XS20200405001','sp1069',30.00,50.0);
INSERT INTO tb_sell_detail VALUES('XS20200406001','sp1090',30.00,4000.0);
INSERT INTO tb_sell_detail VALUES('XS20200408001','sp1093',50.00,100.0);
INSERT INTO tb_sell_detail VALUES('XS20200409001','sp1083',100.00,400.0);
INSERT INTO tb_sell_detail VALUES('XS20200418001','sp1018',350.00,20.0);
INSERT INTO tb_sell_detail VALUES('XS20200423001','sp1005',50.00,1000.0);
INSERT INTO tb_sell_detail VALUES('XS20200424001','sp1021',400.00,10.0);
INSERT INTO tb_sell_detail VALUES('XS20200424001','sp1019',6400.00,20.0);
INSERT INTO tb_sell_detail VALUES('XS20200424001','sp1004',90.00,10.0);
INSERT INTO tb_sell_detail VALUES('XS20200426001','sp1025',44.00,93.0);
INSERT INTO tb_sell_detail VALUES('XS20200429001','sp1091',15.00,200.0);
INSERT INTO tb_sell_detail VALUES('XS20200429001','sp1023',45.00,173.0);
INSERT INTO tb_sell_detail VALUES('XS20200430001','sp1030',22.00,2.0);
INSERT INTO tb_sell_detail VALUES('XS20200430001','sp1017',632.00,300.0);
INSERT INTO tb_sell_detail VALUES('XS20200430001','sp1002',159.00,30.0);
INSERT INTO tb_sell_detail VALUES('XS20200430001','sp1014',10.00,20.0);
INSERT INTO tb_sell_detail VALUES('XS20200502001','sp1004',78.00,3.0);
INSERT INTO tb_sell_detail VALUES('XS20200502001','sp1004',78.00,2.0);
INSERT INTO tb_sell_detail VALUES('XS20200502001','sp1007',5.00,3.0);
INSERT INTO tb_sell_detail VALUES('XS20200502001','sp1010',15000000.00,5.0);
INSERT INTO tb_sell_detail VALUES('XS20200502001','sp1054',32.00,2.0);
INSERT INTO tb_sell_detail VALUES('XS20200512001','sp1008',43.00,42.0);
INSERT INTO tb_sell_detail VALUES('XS20200512001','sp1103',52.00,24.0);
INSERT INTO tb_sell_detail VALUES('XS20200513001','sp1030',8.00,8.0);
INSERT INTO tb_sell_detail VALUES('XS20200513001','sp1103',52.00,6.0);
INSERT INTO tb_sell_detail VALUES('XS20200513001','sp1030',12.00,90.0);
INSERT INTO tb_sell_detail VALUES('XS20200513001','sp1031',724.00,4.0);
INSERT INTO tb_sell_detail VALUES('XS20200513001','sp1005',43.00,28.0);
INSERT INTO tb_sell_detail VALUES('XS20200517001','sp1029',22.00,120.0);
INSERT INTO tb_sell_detail VALUES('XS20200519001','sp1048',987.00,4.0);
INSERT INTO tb_sell_detail VALUES('XS20200530001','sp1013',4780.00,5.0);
INSERT INTO tb_sell_detail VALUES('XS20200530001','sp1003',50.00,51.0);
INSERT INTO tb_sell_detail VALUES('XS20200531001','sp1004',96.00,8.0);
INSERT INTO tb_sell_detail VALUES('XS20200531001','sp1019',5900.00,20.0);
DROP TABLE IF EXISTS tb_sell_main ;
CREATE TABLE tb_sell_main( sellID varchar(30) not null ,pzs int(11) not null ,je decimal(10,2) not null ,ysjl varchar(50),khname varchar(100) not null ,xsdate datetime not null ,czy varchar(30) not null ,jsr varchar(30) not null ,jsfs varchar(10) not null );
INSERT INTO tb_sell_main VALUES('XS20050104001',1,890.00,'100.00','新*纪文化百货用品商城','2005-01-04 15:27:48','admin','gh','现金');
INSERT INTO tb_sell_main VALUES('XS20050104002',1,890.00,'100.00','新*纪文化百货用品商城','2005-01-04 15:28:10','admin','wg','现金');
INSERT INTO tb_sell_main VALUES('XS20050120001',1,890.00,'200.00','新*纪文化百货用品商城','2005-01-20 15:28:51','admin','g','现金');
INSERT INTO tb_sell_main VALUES('XS20050220001',1,890.00,'100.00','新*纪文化百货用品商城','2005-02-20 15:29:31','admin','gh','现金');
INSERT INTO tb_sell_main VALUES('XS20050309001',1,1500.00,'0.00','新*纪文化百货用品商城','2005-03-09 15:42:32','admin','kk','现金');
INSERT INTO tb_sell_main VALUES('XS20050309002',2,2390.00,'2000.00','新*纪文化百货用品商城','2005-03-09 17:20:00','admin','言','现金');
INSERT INTO tb_sell_main VALUES('XS20050923001',2,792.50,'792.50','新*纪文化百货用品商城','2005-09-23 13:12:45','admin','wgh','现金');
INSERT INTO tb_sell_main VALUES('XS20050923002',1,7.00,'7.00','新*纪文化百货用品商城','2005-09-23 13:13:04','admin','wgh','现金');
INSERT INTO tb_sell_main VALUES('XS20050926001',1,10.00,'10.00','新*纪文化百货用品商城','2005-09-26 13:58:30','admin','wgh','现金');
INSERT INTO tb_sell_main VALUES('XS20051004001',1,17.40,'17.40','新*纪文化百货用品商城','2005-10-04 13:19:03','admin','wgh','现金');
INSERT INTO tb_sell_main VALUES('XS20051004002',1,890.00,'0.00','新*纪文化百货用品商城','2005-10-04 15:30:04','admin','wgh','现金');
INSERT INTO tb_sell_main VALUES('XS20051004003',1,17.40,'0.00','新*纪文化百货用品商城','2005-10-04 15:30:23','admin','gh','现金');
INSERT INTO tb_sell_main VALUES('XS20051004004',1,13.60,'0.00','新*纪文化百货用品商城','2005-10-04 15:31:38','admin','w','现金');
INSERT INTO tb_sell_main VALUES('XS20051005001',1,1500.00,'0.00','新*纪文化百货用品商城','2005-10-05 08:24:02','admin','ttt','现金');
INSERT INTO tb_sell_main VALUES('XS20051005002',2,898.70,'0.00','新*纪文化百货用品商城','2005-10-05 08:24:28','admin','eee','现金');
INSERT INTO tb_sell_main VALUES('XS20051005003',1,3.40,'3.40','新*纪文化百货用品商城','2005-10-05 08:41:07','admin','ww','现金');
INSERT INTO tb_sell_main VALUES('XS20051005004',2,2290.00,'2000.00','新*纪文化百货用品商城','2005-10-05 08:42:29','admin','eutwin','现金');
INSERT INTO tb_sell_main VALUES('XS20051006001',1,3.40,'2.40','新*纪文化百货用品商城','2005-10-06 08:54:38','yan','yyy','现金');
INSERT INTO tb_sell_main VALUES('XS20071016001',1,5136.00,'fds','明日科技有限公司','2007-10-16 17:00:08','测试人员','伙','现金');
INSERT INTO tb_sell_main VALUES('XS20071017001',1,535428.00,'4321','明日科技有限公司','2007-10-17 08:49:34','测试人员','4321','现金');
INSERT INTO tb_sell_main VALUES('XS20071109001',1,50.00,'合格','明日科技有限公司','2007-11-09 14:41:40','mr','小刘','现金');
INSERT INTO tb_sell_main VALUES('XS20071115001',1,484.00,'ggg','明日科技有限公司','2007-11-15 18:41:15','mr','00','现金');
INSERT INTO tb_sell_main VALUES('XS20080410001',2,219024.00,'e2','明日科技有限公司','2008-04-10 10:26:47','','范德萨','现金');
INSERT INTO tb_sell_main VALUES('XS20080410002',1,0.00,'e2','明日科技有限公司','2008-04-10 10:27:51','','范德萨','现金');
INSERT INTO tb_sell_main VALUES('XS20080410003',1,0.00,'e2','明日科技有限公司','2008-04-10 10:28:54','','范德萨','现金');
INSERT INTO tb_sell_main VALUES('XS20080521001',1,10.00,'10','明日科技有限公司','2008-05-21 14:57:55','tsoft','范德萨','现金');
INSERT INTO tb_sell_main VALUES('XS20150507001',1,200.00,'测试是否会出库大于库存','明日科技有限公司','2015-05-07 15:44:33','tsoft','liuxin','现金');
INSERT INTO tb_sell_main VALUES('XS20150507002',3,23.00,'1111111111111','明日科技有限公司','2015-05-07 16:31:10','tsoft','liuxin','现金');
INSERT INTO tb_sell_main VALUES('XS20160714001',1,40.00,'1','明日科技有限公司','2016-07-14 11:38:28','tsoft','liuxin','现金');
DROP TABLE IF EXISTS tb_spinfo ;
CREATE TABLE tb_spinfo( id varchar(50) not null ,spname varchar(50) not null ,jc varchar(50),cd varchar(60),dw varchar(50) not null ,gg varchar(50) not null ,bz varchar(50),ph varchar(50),pzwh varchar(50),memo varchar(90),gysname varchar(100));
INSERT INTO tb_spinfo VALUES('sp1001','电吉他','吉他1','超有名的吉他产地','把','FD－3100','盒','56217','23232','无限延音功能、自带效果器','大庆市周家庄食品有限公司');
INSERT INTO tb_spinfo VALUES('sp1002','木吉他','吉他','中**海','把','HM2100','盒','32286','875845624','可接电','新世纪文化百货商城');
INSERT INTO tb_spinfo VALUES('sp1005','润*滴眼液','RZDYY','山*正大福*达制药有限公司','盒','10ml/支','纸盒','20040728','鲁*消备字','滴眼液，近视眼专用','振撼*琴行');
INSERT INTO tb_spinfo VALUES('sp1006','电吉他','电吉他','电吉他','电吉他','电吉他','盒','20180202','电566123','电吉他很好听','新世纪文化百货商城');
INSERT INTO tb_spinfo VALUES('sp1007','铅笔','QB','长春','铅笔厂','9*','沿着','14**','222**','无','新世纪文化百货商城');
INSERT INTO tb_spinfo VALUES('sp1008','手工艺品','SAYP','长春市','长春','1','5','25','212','很不错','吉林省明日影业有限公司');
INSERT INTO tb_spinfo VALUES('sp1009','锅巴','锅巴','吉林','袋','200G/袋','袋','001','2131213','无','笔皮有限公司');
INSERT INTO tb_spinfo VALUES('sp1003','锅碗瓢盆','厨具','江苏扬州','只','20只/箱','箱','20200201','苏K20200201','日用百货，家庭必备','江苏扬州百货大楼');
INSERT INTO tb_spinfo VALUES('sp1004','蔗糖饼干','饼干','江苏徐州','袋','30袋/箱','箱','20200202','苏C20200202','休闲食品','江苏徐州沛县饼干厂');
INSERT INTO tb_spinfo VALUES('sp1011','笔记本电脑','笔记本','江苏昆山','台','1台/盒','盒','20200203','苏E20200203','办公娱乐两不误','江苏昆山商品实验基地');
INSERT INTO tb_spinfo VALUES('sp1012','丰谷白酒','丰谷酒','四川绵阳','瓶','6瓶/箱','箱','20200204','川B20200204','古法酿造，始终如一','四川绵阳丰谷酒业');
INSERT INTO tb_spinfo VALUES('sp1013','智能手机','手机','广东深圳','部','1部/盒','盒','20200205','粤B20200205','生活必需品，时代潮流','广东深圳龙岗基地');
INSERT INTO tb_spinfo VALUES('sp1014','运动饮料','饮料','江苏宜兴','瓶','12瓶/箱','箱','20200206','苏B20200206','消暑必备，消除疲劳','江苏宜兴红牛产地');
INSERT INTO tb_spinfo VALUES('sp1015','运动水杯','水杯','浙江义乌','杯','20杯/箱','箱','20200207','浙G20200207','运动必备，携带方便','浙江义乌小商品城');
INSERT INTO tb_spinfo VALUES('sp1016','刷墙油漆','油漆','上海静安','桶','4桶/箱','箱','20200208','沪A20200208','装修神器，好心情','上海静安装饰城');
INSERT INTO tb_spinfo VALUES('sp1017','真皮沙发','沙发','北京昌平','件','6件/套','套','20200209','京20200209','坐着躺着就是舒服','北京昌平大家居城');
INSERT INTO tb_spinfo VALUES('sp1018','实木书柜','书柜','北京昌平','个','2个/套','套','20200210','京20200210','爱学习爱读书必备','北京昌平大家居城');
INSERT INTO tb_spinfo VALUES('sp1019','平板电脑','ipad pro 2020','广东深圳','部','1部/盒','盒','20200211','粤B20200211','比手机还好玩','广东深圳龙岗基地');
INSERT INTO tb_spinfo VALUES('sp1020','各种茶茶叶','茶叶','安徽黄山','袋','4袋/盒','盒','20200212','皖J20200212','送礼自己喝都不错','安徽黄山毛峰茶厂');
INSERT INTO tb_spinfo VALUES('sp1021','惠普打印机','打印机','广东深圳','台','1台/盒','盒','20200213','粤B20200213','办公必备一定很棒','广东深圳龙岗基地');
INSERT INTO tb_spinfo VALUES('sp1022','吃饭饭盒','饭盒','浙江义乌','个','30个/箱','箱','20200214','浙G20200214','携带方便，微波加热','浙江义乌小商品城');
INSERT INTO tb_spinfo VALUES('sp1023','黑白巧克力','巧克力','江苏徐州','条','10条/盒','盒','20200215','苏C20200215','一个字，就是好吃','江苏徐州沛县饼干厂');
INSERT INTO tb_spinfo VALUES('sp1024','漂白洗洁精','洗洁精','广东广州','瓶','12瓶/箱','箱','20200216','粤A20200216','就是干净','安利中国日用品有限公司');
INSERT INTO tb_spinfo VALUES('sp1025','玻璃清洁剂','清洁剂','广东广州','瓶','12瓶/箱','箱','20200217','粤A20200217','清洗玻璃的利器','安利中国日用品有限公司');
INSERT INTO tb_spinfo VALUES('sp1026','电磁炉','电磁炉','广东佛山','台','1台/箱','箱','20200218','粤E20200218','方便厨房','广东美的生活电器制造有限公司');
INSERT INTO tb_spinfo VALUES('sp1027','美的空调','空调','广东佛山','部','1部/箱','箱','20200219','粤E20200219','冬天取暖，夏天吹凉','广东美的生活电器制造有限公司');
INSERT INTO tb_spinfo VALUES('sp1028','大彩电','彩电','广东佛山','台','1台/箱','箱','20200220','粤E20200220','电视家家必备','广东美的生活电器制造有限公司');
INSERT INTO tb_spinfo VALUES('sp1029','军大衣','军大衣','北京通州','件','2件/包','包','20200221','京G20200221','冬天保暖神器','鑫隆百货服装批发市场');
INSERT INTO tb_spinfo VALUES('sp1030','线织手套','手套','北京通州','双','10双/包','包','20200222','京G20200222','与军大衣搭配使用','鑫隆百货服装批发市场');
INSERT INTO tb_spinfo VALUES('sp1031','牦牛肉','牛肉','云南迪庆','斤','2斤/袋','袋','20200223','云R20200223','这个肉真的特别好吃','香格里拉特产市场');
INSERT INTO tb_spinfo VALUES('sp1032','黄鹤楼香烟','黄鹤楼','湖北武汉','盒','12盒/条','条','20200224','鄂A20200224','周所周知黄鹤楼','湖北中烟工业有限责任公司');
INSERT INTO tb_spinfo VALUES('sp1033','红金龙香烟','红金龙','湖北武汉','盒','12盒/条','条','20200225','鄂A20200225','黄鹤楼的兄弟','湖北中烟工业有限责任公司');
INSERT INTO tb_spinfo VALUES('sp1034','蜜三刀','蜜三刀','江苏徐州','斤','8斤/箱','箱','20200226','苏C20200226','徐州特产，好吃','江苏徐州沛县饼干厂');
INSERT INTO tb_spinfo VALUES('sp1035','羊角蜜','羊角蜜','江苏徐州','斤','8斤/箱','箱','20200227','苏C20200227','徐州特产，很好吃','江苏徐州沛县饼干厂');
INSERT INTO tb_spinfo VALUES('sp1036','肉松小贝','小贝','江苏徐州','个','10个/盒','盒','20200228','苏C20200228','肉松面包缩小版','江苏徐州沛县饼干厂');
INSERT INTO tb_spinfo VALUES('sp1037','猫耳朵','猫耳朵','江苏徐州','斤','4斤/袋','袋','20200229','苏C20200229','休闲零食，特好吃','江苏徐州沛县饼干厂');
INSERT INTO tb_spinfo VALUES('sp1038','花生碎糖','碎糖','江苏徐州','斤','4斤/袋','袋','20200230','苏C20200230','甜度较高，建议多吃','江苏徐州沛县饼干厂');
INSERT INTO tb_spinfo VALUES('sp1039','麻辣小麻花','小麻花','江苏徐州','斤','6斤/袋','袋','20200231','苏C20200231','麻辣味，还有小龙虾呢','江苏徐州沛县饼干厂');
INSERT INTO tb_spinfo VALUES('sp1040','斜挎背包','斜挎包','北京通州','个','1个/包','包','20200301','京G20200301','斜挎背包，男士必备','鑫隆百货服饰批发市场');
INSERT INTO tb_spinfo VALUES('sp1041','微波炉','微波炉','广东佛山','个','1个/箱','箱','20200302','粤E20200302','微波炉，家家必备','广东美的生活电器制造有限公司');
INSERT INTO tb_spinfo VALUES('sp1042','冲锋衣','冲锋衣','北京通州','件','1件/包','包','20200303','京G20200303','这个太暖和了吧','鑫隆百货服饰批发市场');
INSERT INTO tb_spinfo VALUES('sp1043','小孩酥','小孩酥','江苏徐州','斤','2斤/袋','袋','20200304','苏C20200304','真徐州特产','江苏徐州沛县饼干厂');
INSERT INTO tb_spinfo VALUES('sp1044','药膳酥','药膳酥','江苏扬州','斤','5斤/盒','盒','20200305','苏K20200305','真扬州特产，上过电视','江苏扬州百货大楼');
INSERT INTO tb_spinfo VALUES('sp1045','洗漱套装','洗漱','广东广州','个','6个/盒','盒','20200306','粤A20200306','居家旅行必备','安利中国日用品有限公司');
INSERT INTO tb_spinfo VALUES('sp1046','路由器','路由器','广东深圳','个','6个/盒','盒','20200307','粤B20200307','上网必备','广东深圳龙岗基地');
INSERT INTO tb_spinfo VALUES('sp1047','观音茶茶叶','观音茶','安徽黄山','包','2包/罐','罐','20200308','皖J20200308','这个茶特别好喝','安徽黄山毛峰茶厂');
INSERT INTO tb_spinfo VALUES('sp1048','上好羊肉','羊肉','云南迪庆','斤','10斤/包','包','20200309','云R20200309','羊肉大补','香格里拉特产市场');
INSERT INTO tb_spinfo VALUES('sp1049','散热板','散热板','江苏昆山','个','1个/盒','盒','20200310','苏E20200310','玩游戏必备','江苏昆山商品实验基地');
INSERT INTO tb_spinfo VALUES('sp1050','头戴耳机','耳机','江苏昆山','个','1个/盒','盒','20200311','苏E20200311','玩游戏看电视必备','江苏昆山商品实验基地');
INSERT INTO tb_spinfo VALUES('sp1051','挂画','挂画','广东广州','个','2个/袋','袋','20200312','粤A20200312','收藏必备，陶冶情操','广州尼米优选创意家居有限公司');
INSERT INTO tb_spinfo VALUES('sp1052','桌面摆件','摆件','广东广州','个','10个/盒','盒','20200313','粤A20200313','丰富你的桌面','广州尼米优选创意家居有限公司');
INSERT INTO tb_spinfo VALUES('sp1053','台灯','台灯','广东广州','个','4个/箱','箱','20200314','粤A20200314','小朋友写作业必备','广州尼米优选创意家居有限公司');
INSERT INTO tb_spinfo VALUES('sp1054','卡通抱枕','抱枕','广东广州','个','4个/袋','袋','20200315','粤A20200315','睡觉抱着贼舒服','广州尼米优选创意家居有限公司');
INSERT INTO tb_spinfo VALUES('sp1055','卡通头饰','头饰','广东广州','个','10个/盒','盒','20200316','粤A20200316','可爱至极','广州喜爱创意家居有限公司');
INSERT INTO tb_spinfo VALUES('sp1056','行李箱','行李箱','广东广州','只','1只/箱','箱','20200317','粤A20200317','旅游居家必备','广州喜爱创意家居有限公司');
INSERT INTO tb_spinfo VALUES('sp1057','布鞋','布鞋','广东广州','双','1双/盒','盒','20200318','粤A20200318','穿起来也太舒服了吧','广州喜爱创意家居有限公司');
INSERT INTO tb_spinfo VALUES('sp1058','毛绒娃娃','娃娃','香港','只','4只/包','包','20200319','粤Z20200319','可爱必备','香港优尚国际集团有限公司');
INSERT INTO tb_spinfo VALUES('sp1059','耳环','耳环','香港','只','2只/盒','盒','20200320','粤Z20200320','带上去很漂亮','香港优尚国际集团有限公司');
INSERT INTO tb_spinfo VALUES('sp1060','被子','被子','香港','只','1只/袋','袋','20200321','粤Z20200321','很暖和啊','香港优尚国际集团有限公司');
INSERT INTO tb_spinfo VALUES('sp1061','卡通靠枕','靠枕','香港','只','1只/包','包','20200322','粤Z20200322','靠着睡觉很舒服','香港优尚国际集团有限公司');
INSERT INTO tb_spinfo VALUES('sp1062','木雕','木雕','湖北武汉','只','1只/盒','盒','20200323','鄂A20200323','艺术品太好看了','武汉宝莱恒鑫国际贸易有限公司');
INSERT INTO tb_spinfo VALUES('sp1063','卡通公仔','公仔','湖北武汉','只','1只/包','包','20200324','鄂A20200324','卡通公仔很好玩','武汉宝莱恒鑫国际贸易有限公司');
INSERT INTO tb_spinfo VALUES('sp1064','香包','香包','湖北武汉','袋','1袋/包','包','20200325','鄂A20200325','很香很好闻','武汉宝莱恒鑫国际贸易有限公司');
INSERT INTO tb_spinfo VALUES('sp1065','纯净水','纯净水','江苏宿迁','瓶','12瓶/箱','箱','20200326','苏N20200326','水是生命之源','江苏新美源食品有限公司');
INSERT INTO tb_spinfo VALUES('sp1066','美迪特盐汽水','盐汽水','江苏宿迁','瓶','6瓶/箱','箱','20200327','苏N20200327','一口盐汽水舒坦','江苏新美源食品有限公司');
INSERT INTO tb_spinfo VALUES('sp1067','蓝色密码42度','42度白酒','江苏宿迁','瓶','2瓶/袋','袋','20200328','苏N20200328','送礼自己喝必备','江苏两心同酒业股份有限公司');
INSERT INTO tb_spinfo VALUES('sp1068','蓝色密码G6方盒','方盒白酒','江苏宿迁','瓶','1瓶/袋','袋','20200329','苏N20200329','这个比上面那个更好喝','江苏两心同酒业股份有限公司');
INSERT INTO tb_spinfo VALUES('sp1069','黑芝麻芝麻糊','芝麻糊','山东聊城','罐','24罐/箱','箱','20200330','鲁P20200330','众人皆知很好喝做早餐','山东冠县尊仕食品有限公司');
INSERT INTO tb_spinfo VALUES('sp1070','俄罗斯烤酸奶','烤酸奶','山东聊城','瓶','4瓶./箱','箱','20200401','鲁P20200401','烤酸奶，真自在','山东冠县尊仕食品有限公司');
INSERT INTO tb_spinfo VALUES('sp1071','烤仙草蛋糕','仙草蛋糕','河北邢台','个','1个/盒','盒','20200402','冀E20200402','烤仙草真好吃','宁晋县西麦诺食品厂');
INSERT INTO tb_spinfo VALUES('sp1072','红枣蛋糕','红枣蛋糕','河北邢台','个','1个/盒','盒','20200403','冀E20200403','红枣蛋糕大补','宁晋县西麦诺食品厂');
INSERT INTO tb_spinfo VALUES('sp1073','各种水果蛋糕','水果蛋糕','河北邢台','个','1个/盒','盒','20200404','冀E20200404','各种水果应有尽有','宁晋县西麦诺食品厂');
INSERT INTO tb_spinfo VALUES('sp1074','巧克力蛋糕','巧克力蛋糕','河北邢台','个','1个/盒','盒','20200405','冀E20200405','巧克力真的很好吃','宁晋县西麦诺食品厂');
INSERT INTO tb_spinfo VALUES('sp1075','巴旦木','巴旦木','浙江宁波','斤','2斤/袋','袋','20200406','浙B20200406','巴旦木真是消遣神器','宁波农谣食品有限公司');
INSERT INTO tb_spinfo VALUES('sp1076','开心果','开心果','浙江宁波','斤','2斤/袋','袋','20200407','浙B20200407','开心果吃了真开心','宁波农谣食品有限公司');
INSERT INTO tb_spinfo VALUES('sp1077','开口松子','开口松子','浙江宁波','斤','2斤/袋','袋','20200408','浙B20200408','开口松子反正就是好吃','宁波农谣食品有限公司');
INSERT INTO tb_spinfo VALUES('sp1078','核桃','核桃','江苏南京','斤','2斤/袋','袋','20200409','苏A20200409','经常用脑就吃核桃','南京江宁交春干果经营部');
INSERT INTO tb_spinfo VALUES('sp1079','榛子','榛子','江苏南京','斤','2斤/袋','袋','20200410','苏A20200410','开口榛子已经开口','南京江宁交春干果经营部');
INSERT INTO tb_spinfo VALUES('sp1080','酒鬼花生','酒鬼花生','江苏南京','斤','2斤/袋','袋','20200411','苏A20200411','喝酒必备佳品，酒鬼花生','南京江宁交春干果经营部');
INSERT INTO tb_spinfo VALUES('sp1081','桂圆','桂圆','浙江衢州','斤','2斤/袋','袋','20200412','浙H20200412','桂圆就是龙眼','江山市金味农产品有限公司');
INSERT INTO tb_spinfo VALUES('sp1082','红枣','红枣','浙江衢州','斤','2斤/袋','袋','20200413','浙H20200413','红枣大补汤','江山市金味农产品有限公司');
INSERT INTO tb_spinfo VALUES('sp1083','糯米锅巴','锅巴','安徽芜湖','袋','10袋/箱','箱','20200414','皖B20200414','锅巴也是消遣神器','三只松鼠股份有限公司');
INSERT INTO tb_spinfo VALUES('sp1084','炭烧腰果','腰果','安徽芜湖','袋','6袋/箱','箱','20200415','皖B20200415','腰果真的超好吃','三只松鼠股份有限公司');
INSERT INTO tb_spinfo VALUES('sp1085','紫菜海苔','海苔','辽宁沈阳','袋','8袋/箱','箱','20200416','辽A20200416','紫菜海苔就是好吃','沈阳张记食品有限公司');
INSERT INTO tb_spinfo VALUES('sp1086','大萝卜干','萝卜干','辽宁沈阳','袋','4袋/箱','箱','20200417','辽A20200417','下饭神器','沈阳张记食品有限公司');
INSERT INTO tb_spinfo VALUES('sp1087','辣白菜','辣白菜','辽宁沈阳','斤','6斤/坛','坛','20200418','辽A20200418','辣白菜真是炖菜超级好吃','沈阳张记食品有限公司');
INSERT INTO tb_spinfo VALUES('sp1088','梅菜笋丝','笋丝','福建漳州','斤','4斤/袋','袋','20200419','闽E20200419','这个反正就是很不错','福建立兴食品贸易有限公司');
INSERT INTO tb_spinfo VALUES('sp1089','梅干菜','梅干菜','福建漳州','斤','4斤/袋','袋','20200420','闽E20200420','梅干菜扣肉还有饼','福建立兴食品贸易有限公司');
INSERT INTO tb_spinfo VALUES('sp1090','鸡丝辣汤','鸡丝辣汤','安徽合肥','碗','24碗/箱','箱','20200421','皖A20200421','这是速食汤品','合肥杠岗香食品有限公司');
INSERT INTO tb_spinfo VALUES('sp1091','各种盖浇饭半成品','盖浇饭半成品','安徽合肥','碗','12碗/箱','箱','20200422','皖A20200422','这是盖浇饭半成品加热即可','合肥杠岗香食品有限公司');
INSERT INTO tb_spinfo VALUES('sp1092','黑米百米早餐粥','早餐粥','黑龙江大庆','杯','24杯/箱','箱','20200423','黑E20200423','早餐粥营养又好喝','大庆市周家庄食品有限公司');
INSERT INTO tb_spinfo VALUES('sp1093','南瓜玉米粥','玉米粥','黑龙江大庆','杯','24杯/箱','箱','20200424','黑E20200424','玉米粥真的很营养','大庆市周家庄食品有限公司');
INSERT INTO tb_spinfo VALUES('sp1094','干发帽','干发帽','广东深圳','顶','2顶/袋','袋','20200425','粤B20200425','洗完头用的','邵东家天下商贸有限公司');
INSERT INTO tb_spinfo VALUES('sp1095','按摩拖鞋','按摩拖鞋','广东深圳','双','1双/袋','袋','20200426','粤B20200426','按摩拖鞋穿着很舒服','邵东家天下商贸有限公司');
INSERT INTO tb_spinfo VALUES('sp1096','马克杯','马克杯','广东深圳','只','10只/盒','盒','20200427','粤B20200427','很实用也很可爱的马克杯','深圳永锐变色工艺制品有限公司');
INSERT INTO tb_spinfo VALUES('sp1097','笑脸陶瓷杯','陶瓷杯','广东深圳','只','8只/盒','盒','20200428','粤B20200428','微微一笑很倾城','深圳永锐变色工艺制品有限公司');
INSERT INTO tb_spinfo VALUES('sp1098','漫威咖啡杯','咖啡杯','广东深圳','只','6只/盒','盒','20200429','粤B20200429','蜘蛛侠钢铁侠同款','深圳永锐变色工艺制品有限公司');
INSERT INTO tb_spinfo VALUES('sp1099','烧烤架','烧烤架','河北衡水','架','1架/箱','箱','20200430','冀T20200430','烧烤真的超好吃的','安平县胖三铁丝工艺制品厂');
INSERT INTO tb_spinfo VALUES('sp10100','收纳篮','收纳篮','河北衡水','只','10只/箱','箱','20200501','翼T20200501','很方便的收纳篮','安平县胖三铁丝工艺制品厂');
INSERT INTO tb_spinfo VALUES('sp10101','收纳箱','收纳箱','河北衡水','只','10只/箱','箱','20200502','冀T20200502','各种型号的都有','安平县胖三铁丝工艺制品厂');
INSERT INTO tb_spinfo VALUES('sp10102','收纳筐','收纳筐','河北衡水','只','10只/箱','箱','20200503','冀T20200503','这个也是各种型号的都有','安平县胖三铁丝工艺制品厂');
INSERT INTO tb_spinfo VALUES('sp10103','激光笔','激光笔','广东广州','支','10支/盒','盒','20200504','粤A20200504','各种各样的都有','广州笔海文具有限公司');
INSERT INTO tb_spinfo VALUES('sp10104','钢笔签字笔套装','笔套装','广东广州','袋','10袋/箱','箱','20200505','粤A20200505','可以分开卖，各种各样的都有','广州笔海文具有限公司');
INSERT INTO tb_spinfo VALUES('sp10105','LED广告灯箱','广告灯箱','广东深圳','个','20个/箱','箱','20200506','粤B20200506','里面还有配套的发光牌','深圳杰盛展示制品有限公司');
INSERT INTO tb_spinfo VALUES('sp10106','展示陈列架','陈列架','广东深圳','个','1个/箱','箱','20200507','粤B20200507','实用方便，各种材质都有','深圳杰盛展示制品有限公司');
INSERT INTO tb_spinfo VALUES('sp10107','皮革封套','封套','浙江温州','个','20个/箱','箱','20200508','浙C20200508','经济实用','苍南县俊杰工艺厂');
INSERT INTO tb_spinfo VALUES('sp10108','提款箱','提款箱','河北保定','只','10只/箱','箱','20200509','冀F20200509','有密码和保护装置','河北融帮金融设备有限公司');
INSERT INTO tb_spinfo VALUES('sp10109','真空包装袋','真空包装袋','陕西西安','套','10套/箱','箱','20200510','陕A20200510','携带方便，空间很大','西安奥迅电子科技有限公司');
INSERT INTO tb_spinfo VALUES('sp10110','电子白板','电子白板','北京海淀','个','10个/箱','箱','20200511','京20200511','配套笔，书写方便','北京汉王精锐科技有限公司');
INSERT INTO tb_spinfo VALUES('sp10111','考勤机','考勤机','北京海淀','只','10只/箱','箱','20200512','京20200512','人脸，指纹都可以','北京汉王精锐科技有限公司');
INSERT INTO tb_spinfo VALUES('sp10112','万能工具箱','工具箱','江苏南京','箱','8箱/箱','箱','20200513','苏20200513','各种工具一应俱全','南京金科瑞商贸有限公司');
INSERT INTO tb_spinfo VALUES('sp1100','iphone X','苹果手机','江苏苏州富士康工厂','台','10台/箱','箱','20200406','sp20200406','苹果十年之作','南京金科瑞商贸有限公司');
INSERT INTO tb_spinfo VALUES('sp1101','huawei p30 pro','p30 pro','中国','台','1台/盒','盒子','20200429','20200429','双景录像','广东深圳龙岗基地');
INSERT INTO tb_spinfo VALUES('sp1102','vivo x30 pro','vivo手机','中国江苏','部','1部/盒','盒','苏C20200502','苏C20200502','60倍光学变焦','江苏昆山商品实验基地');
INSERT INTO tb_spinfo VALUES('sp1103','达利园蛋黄派','蛋黄派','江苏徐州','大地集团','10袋/包','包装袋','20200512','苏C20200512','蛋黄派就是好','徐州大地集团');
INSERT INTO tb_spinfo VALUES('sp1104','aaa','ss','11','13','33','ad','ff','qqw','dd','江山市金味农产品有限公司');
INSERT INTO tb_spinfo VALUES('sp1105','好好','任汝芬','3','1','45','的','7','1的','1','上海静安装饰城');
DROP TABLE IF EXISTS tb_userlist ;
CREATE TABLE tb_userlist( name varchar(30) not null ,pass varchar(50) not null );
INSERT INTO tb_userlist VALUES('zky','012345');
INSERT INTO tb_userlist VALUES('wm','789123');
INSERT INTO tb_userlist VALUES('ljh','456789');
DROP TABLE IF EXISTS tb_xsth_detail ;
CREATE TABLE tb_xsth_detail( xsthID varchar(30) not null ,spid varchar(50) not null ,dj decimal(10,2) not null ,sl int(11) not null );
INSERT INTO tb_xsth_detail VALUES('XT20051005001','sp1004',790.00,1);
INSERT INTO tb_xsth_detail VALUES('XT20051005002','sp1002',890.00,1);
INSERT INTO tb_xsth_detail VALUES('XT20051005003','sp1002',890.00,1);
INSERT INTO tb_xsth_detail VALUES('XT20051216001','sp1004',790.00,1);
INSERT INTO tb_xsth_detail VALUES('XT20071017001','sp1005',432.00,4830);
INSERT INTO tb_xsth_detail VALUES('XT20071017002','sp1005',432.00,9660);
INSERT INTO tb_xsth_detail VALUES('XT20071109001','sp1007',10.00,1);
INSERT INTO tb_xsth_detail VALUES('XT20080410001','sp1001',151.00,-1000);
INSERT INTO tb_xsth_detail VALUES('XT20080521001','sp1007',10.00,1);
INSERT INTO tb_xsth_detail VALUES('XT20200116001','sp1010',20.00,3);
INSERT INTO tb_xsth_detail VALUES('XT20200120001','sp1002',50.00,0);
INSERT INTO tb_xsth_detail VALUES('XT20200403001','sp1003',50.00,80);
INSERT INTO tb_xsth_detail VALUES('XT20200405001','sp1010',20000000.00,1);
INSERT INTO tb_xsth_detail VALUES('XT20200406001','sp1082',900.00,400);
INSERT INTO tb_xsth_detail VALUES('XT20200406001','sp1090',30.00,2000);
INSERT INTO tb_xsth_detail VALUES('XT20200409001','sp1083',90.00,200);
INSERT INTO tb_xsth_detail VALUES('XT20200423001','sp1029',30.00,100);
INSERT INTO tb_xsth_detail VALUES('XT20200512001','sp1101',4299.00,2);
INSERT INTO tb_xsth_detail VALUES('XT20200519001','sp1048',811.00,2);
DROP TABLE IF EXISTS tb_xsth_main ;
CREATE TABLE tb_xsth_main( xsthID varchar(30) not null ,pzs int(11) not null ,je decimal(10,2) not null ,ysjl varchar(50),khname varchar(100) not null ,thdate datetime not null ,czy varchar(30) not null ,jsr varchar(30) not null ,jsfs varchar(10) not null );
INSERT INTO tb_xsth_main VALUES('XT20051005001',1,790.00,'0.00','新*纪文化百货用品商城','2005-10-05 13:17:31','admin','jh','现金');
INSERT INTO tb_xsth_main VALUES('XT20051005002',1,890.00,'90.00','新*纪文化百货用品商城','2005-10-05 13:25:52','admin','hj','现金');
INSERT INTO tb_xsth_main VALUES('XT20051005003',1,890.00,'0.00','新*纪文化百货用品商城','2005-10-05 13:32:38','admin','wgh','现金');
INSERT INTO tb_xsth_main VALUES('XT20051216001',1,790.00,'90.00','新*纪文化百货用品商城','2005-12-16 17:24:46','admin','kk','现金');
INSERT INTO tb_xsth_main VALUES('XT20071017001',1,2086560.00,'432','明日科技有限公司','2007-10-17 08:50:05','测试人员','432','现金');
INSERT INTO tb_xsth_main VALUES('XT20071017002',1,4173120.00,'432','明日科技有限公司','2007-10-17 08:50:12','测试人员','432','现金');
INSERT INTO tb_xsth_main VALUES('XT20071109001',1,10.00,'不合格','明日科技有限公司','2007-11-09 14:42:12','mr','99','现金');
INSERT INTO tb_xsth_main VALUES('XT20080410001',1,-151000.00,'321','明日科技有限公司','2008-04-10 10:34:27','tsoft','范德萨','现金');
INSERT INTO tb_xsth_main VALUES('XT20080521001',1,10.00,'10','明日科技有限公司','2008-05-21 14:58:18','tsoft','范德萨','现金');
DROP VIEW IF EXISTS v_rukuView;
CREATE VIEW v_rukuView AS SELECT tb_ruku_main.rkID, tb_ruku_detail.spid, tb_spinfo.spname, tb_spinfo.gg, tb_ruku_detail.dj, tb_ruku_detail.sl,tb_ruku_detail.dj * tb_ruku_detail.sl AS je, tb_spinfo.gysname, tb_ruku_main.rkdate, tb_ruku_main.czy, tb_ruku_main.jsr,tb_ruku_main.jsfs FROM tb_ruku_detail INNER JOIN tb_ruku_main ON tb_ruku_detail.rkID = tb_ruku_main.rkID INNER JOIN tb_spinfo ON tb_ruku_detail.spid = tb_spinfo.id;
DROP VIEW IF EXISTS v_sellView;
CREATE VIEW v_sellView AS SELECT tb_sell_main.sellID, tb_spinfo.spname, tb_sell_detail.spid, tb_spinfo.gg, tb_sell_detail.dj, tb_sell_detail.sl,tb_sell_detail.sl * tb_sell_detail.dj AS je, tb_sell_main.khname, tb_sell_main.xsdate, tb_sell_main.czy, tb_sell_main.jsr,tb_sell_main.jsfs FROM tb_sell_detail INNER JOIN tb_sell_main ON tb_sell_detail.sellID = tb_sell_main.sellID INNER JOIN tb_spinfo ON tb_sell_detail.spid = tb_spinfo.id;
